City_ID,City,Lat,Lng,Max Temp,Humidity,Cloudiness,Wind Speed,Country,Date,Description
0,Mataura,-46.1927,168.8643,46.99,80,95,3.0,NZ,2021-03-05 15:36:52,overcast clouds
1,Airai,-8.9266,125.4092,60.33,100,7,0.29,TL,2021-03-05 15:36:52,clear sky
2,Punta Arenas,-53.15,-70.9167,60.8,51,75,25.32,CL,2021-03-05 15:36:53,broken clouds
3,Bengkulu,-3.8004,102.2655,78.48,87,100,4.25,ID,2021-03-05 15:36:53,overcast clouds
4,Vaini,-21.2,-175.2,75.2,100,75,2.3,TO,2021-03-05 15:36:53,broken clouds
5,Albany,42.6001,-73.9662,21.99,32,84,5.01,US,2021-03-05 15:35:00,broken clouds
6,Sao Jose Da Coroa Grande,-8.8978,-35.1478,82.9,71,100,11.99,BR,2021-03-05 15:36:54,overcast clouds
7,Saskylakh,71.9167,114.0833,-30.21,82,0,8.16,RU,2021-03-05 15:36:54,clear sky
8,Bluff,-46.6,168.3333,46.99,80,70,13.85,NZ,2021-03-05 15:36:54,broken clouds
9,Kankakee,41.15,-87.8667,37.0,69,1,3.44,US,2021-03-05 15:36:55,clear sky
10,Port Alfred,-33.5906,26.891,73.0,82,3,12.71,ZA,2021-03-05 15:36:55,clear sky
11,Sangar,63.9242,127.4739,-36.54,82,12,3.78,RU,2021-03-05 15:36:55,few clouds
12,Jamestown,42.097,-79.2353,24.01,89,75,16.93,US,2021-03-05 15:36:55,broken clouds
13,Ushuaia,-54.8,-68.3,55.4,50,40,12.66,AR,2021-03-05 15:32:46,scattered clouds
14,Tuktoyaktuk,69.4541,-133.0374,-4.0,77,75,14.97,CA,2021-03-05 15:36:56,broken clouds
15,Chicama,-7.8447,-79.1469,73.4,88,20,8.05,PE,2021-03-05 15:36:56,fog
16,Lodwar,3.1191,35.5973,93.04,28,97,12.01,KE,2021-03-05 15:36:57,overcast clouds
17,Hamilton,39.1834,-84.5333,37.0,55,1,4.18,US,2021-03-05 15:33:52,clear sky
18,Kahului,20.8947,-156.47,66.99,68,1,4.61,US,2021-03-05 15:36:58,light rain
19,Nikolskoye,59.7035,30.7861,25.0,68,75,15.66,RU,2021-03-05 15:36:58,snow
20,Cape Town,-33.9258,18.4232,75.2,50,0,19.57,ZA,2021-03-05 15:36:11,clear sky
21,Bacolod,10.6667,122.95,77.74,78,13,9.75,PH,2021-03-05 15:36:59,few clouds
22,Atuona,-9.8,-139.0333,79.18,76,94,15.03,PF,2021-03-05 15:36:59,overcast clouds
23,Butaritari,3.0707,172.7902,80.58,77,98,17.05,KI,2021-03-05 15:36:59,overcast clouds
24,Faanui,-16.4833,-151.75,83.16,72,100,8.52,PF,2021-03-05 15:37:00,light rain
25,Qaanaaq,77.484,-69.3632,-20.74,62,0,6.31,GL,2021-03-05 15:37:00,clear sky
26,Ostrovnoy,68.0531,39.5131,11.03,93,100,4.29,RU,2021-03-05 15:37:00,overcast clouds
27,Weihe,32.9952,105.3247,49.37,52,100,4.47,CN,2021-03-05 15:37:01,overcast clouds
28,Isangel,-19.55,169.2667,77.0,100,90,17.27,VU,2021-03-05 15:34:11,overcast clouds
29,Oistins,13.0667,-59.5333,84.2,58,40,19.57,BB,2021-03-05 15:37:01,scattered clouds
30,Kruisfontein,-34.0033,24.7314,73.99,71,0,7.0,ZA,2021-03-05 15:37:02,clear sky
31,Cayenne,4.9333,-52.3333,82.4,83,75,10.36,GF,2021-03-05 15:37:02,broken clouds
32,Tabou,4.423,-7.3528,83.34,75,52,12.28,CI,2021-03-05 15:37:02,light rain
33,Banda Aceh,5.5577,95.3222,80.49,80,86,4.83,ID,2021-03-05 15:37:03,overcast clouds
34,Burgos,42.3394,-3.7079,51.8,66,40,18.41,ES,2021-03-05 15:37:03,scattered clouds
35,Cockburn Town,21.4612,-71.1419,78.13,73,9,11.97,TC,2021-03-05 15:37:03,clear sky
36,Kapaa,22.0752,-159.319,69.8,78,90,20.71,US,2021-03-05 15:37:03,moderate rain
37,Jiaohe,43.7286,127.3447,-0.98,87,2,3.13,CN,2021-03-05 15:37:04,clear sky
38,Katsuura,35.1333,140.3,53.6,100,75,4.99,JP,2021-03-05 15:37:04,mist
39,Pontianak,-0.0333,109.3333,78.8,94,40,3.18,ID,2021-03-05 15:37:05,scattered clouds
40,Myitkyina,25.3833,97.4,65.86,57,35,4.18,MM,2021-03-05 15:37:05,scattered clouds
41,Corinto,37.9407,22.9573,60.01,53,98,7.0,GR,2021-03-05 15:37:05,overcast clouds
42,Verkhnevilyuysk,63.4453,120.3167,-22.97,86,4,3.42,RU,2021-03-05 15:37:05,clear sky
43,Provideniya,64.3833,-173.3,6.31,93,100,10.85,RU,2021-03-05 15:37:06,light snow
44,Inirida,3.8653,-67.9239,78.15,89,92,3.87,CO,2021-03-05 15:37:06,overcast clouds
45,Manaus,-3.1019,-60.025,86.0,70,75,2.3,BR,2021-03-05 15:32:39,broken clouds
46,Hilo,19.7297,-155.09,64.4,82,1,3.29,US,2021-03-05 15:36:40,light rain
47,Grand Gaube,-20.0064,57.6608,78.01,80,61,5.99,MU,2021-03-05 15:37:07,heavy intensity rain
48,Codrington,-38.2667,141.9667,53.22,76,83,10.09,AU,2021-03-05 15:37:07,broken clouds
49,Udachnyy,66.4167,112.4,-10.68,88,100,8.61,RU,2021-03-05 15:37:07,overcast clouds
50,Beringovskiy,63.05,179.3167,-14.42,87,100,1.34,RU,2021-03-05 15:37:08,overcast clouds
51,Erzin,36.9559,36.2,61.0,71,0,8.99,TR,2021-03-05 15:37:08,clear sky
52,Ngunguru,-35.6167,174.5,57.0,92,1,5.01,NZ,2021-03-05 15:37:08,clear sky
53,Busselton,-33.65,115.3333,66.0,95,15,6.58,AU,2021-03-05 15:33:20,few clouds
54,Borogontsy,62.6683,131.1683,-33.54,83,77,4.52,RU,2021-03-05 15:37:09,broken clouds
55,Asau,46.4333,26.4,57.2,35,0,4.61,RO,2021-03-05 15:37:09,clear sky
56,Kroya,-7.6331,109.2461,79.29,75,61,2.39,ID,2021-03-05 15:37:10,broken clouds
57,Talnakh,69.4865,88.3972,-10.71,84,65,5.32,RU,2021-03-05 15:37:10,broken clouds
58,Bethel,41.3712,-73.414,28.99,29,1,17.27,US,2021-03-05 15:37:10,clear sky
59,Arraial Do Cabo,-22.9661,-42.0278,96.8,58,0,10.36,BR,2021-03-05 15:37:11,clear sky
60,Kodiak,57.79,-152.4072,33.8,80,90,9.22,US,2021-03-05 15:37:11,snow
61,Yellowknife,62.456,-114.3525,5.0,85,75,19.57,CA,2021-03-05 15:37:11,snow
62,Henties Bay,-22.116,14.2845,73.38,57,0,15.03,NA,2021-03-05 15:37:11,clear sky
63,Hunchun,42.8675,130.3581,10.81,70,2,14.85,CN,2021-03-05 15:37:12,clear sky
64,East London,-33.0153,27.9116,73.4,73,0,8.05,ZA,2021-03-05 15:37:12,clear sky
65,Vestmannaeyjar,63.4427,-20.2734,44.6,87,75,9.22,IS,2021-03-05 15:37:12,broken clouds
66,Hermanus,-34.4187,19.2345,77.0,57,0,7.0,ZA,2021-03-05 15:37:12,clear sky
67,Nichinan,31.6,131.3667,59.88,85,97,6.13,JP,2021-03-05 15:37:13,overcast clouds
68,Victoria,22.2855,114.1577,69.01,93,92,13.98,HK,2021-03-05 15:36:22,overcast clouds
69,Porto Empedocle,37.2934,13.5264,52.0,84,98,4.59,IT,2021-03-05 15:37:13,overcast clouds
70,Felipe Carrillo Puerto,19.5833,-88.05,86.49,52,12,3.38,MX,2021-03-05 15:37:14,few clouds
71,Cabo San Lucas,22.8909,-109.9124,69.01,88,40,3.27,MX,2021-03-05 15:35:26,scattered clouds
72,Linguere,15.3953,-15.1193,104.0,15,0,4.61,SN,2021-03-05 15:37:14,clear sky
73,Nakonde,-9.3421,32.745,63.9,92,94,2.21,ZM,2021-03-05 15:37:15,overcast clouds
74,Ankazoabo,-22.2833,44.5167,73.49,88,91,1.07,MG,2021-03-05 15:37:15,light rain
75,Castro,-24.7911,-50.0119,66.54,95,100,11.18,BR,2021-03-05 15:37:15,overcast clouds
76,New Norfolk,-42.7826,147.0587,53.6,62,90,12.66,AU,2021-03-05 15:37:15,overcast clouds
77,Obihiro,42.9172,143.2044,36.73,91,49,2.35,JP,2021-03-05 15:37:16,scattered clouds
78,Mar Del Plata,-38.0023,-57.5575,66.2,59,75,17.27,AR,2021-03-05 15:34:51,broken clouds
79,Ponta Do Sol,32.6667,-17.1,64.4,59,40,17.27,PT,2021-03-05 15:37:17,scattered clouds
80,Plettenberg Bay,-34.0527,23.3716,68.54,75,0,8.21,ZA,2021-03-05 15:37:17,clear sky
81,Pisco,-13.7,-76.2167,77.0,83,20,6.91,PE,2021-03-05 15:37:17,few clouds
82,Pitimbu,-7.4706,-34.8086,87.8,66,40,16.11,BR,2021-03-05 15:37:18,scattered clouds
83,Urumqi,43.801,87.6005,28.4,93,75,2.24,CN,2021-03-05 15:36:35,light snow
84,Kati,12.7441,-8.0726,100.4,10,0,4.61,ML,2021-03-05 15:37:18,clear sky
85,Vostok,46.4856,135.8833,-15.84,89,99,5.68,RU,2021-03-05 15:37:18,overcast clouds
86,Pudozh,61.8099,36.5345,10.62,96,99,4.54,RU,2021-03-05 15:37:19,overcast clouds
87,Hobart,-42.8794,147.3294,53.6,62,90,12.66,AU,2021-03-05 15:37:19,overcast clouds
88,The Valley,18.217,-63.0578,84.2,69,20,13.8,AI,2021-03-05 15:37:19,few clouds
89,Ilulissat,69.2167,-51.1,21.2,79,20,8.05,GL,2021-03-05 15:37:19,few clouds
90,Sarangani,5.4033,125.4636,82.51,76,51,22.66,PH,2021-03-05 15:37:20,broken clouds
91,Khatanga,71.9667,102.5,-20.72,85,68,10.87,RU,2021-03-05 15:37:20,broken clouds
92,Tiznit,29.5833,-9.5,61.05,53,0,14.63,MA,2021-03-05 15:37:20,clear sky
93,Rawson,-43.3002,-65.1023,72.5,51,17,23.73,AR,2021-03-05 15:37:05,few clouds
94,Antofagasta,-23.65,-70.4,77.0,60,0,8.05,CL,2021-03-05 15:37:21,clear sky
95,Villanueva De La Serena,38.9766,-5.7974,55.99,80,100,4.0,ES,2021-03-05 15:37:21,overcast clouds
96,Lompoc,34.6391,-120.4579,46.0,93,90,3.44,US,2021-03-05 15:37:22,fog
97,Chokurdakh,70.6333,147.9167,-7.92,91,100,19.15,RU,2021-03-05 15:37:22,light snow
98,Usinsk,65.9939,57.5281,-1.97,92,100,7.43,RU,2021-03-05 15:37:22,overcast clouds
99,Wajir,1.7471,40.0573,102.2,21,75,10.2,KE,2021-03-05 15:37:23,broken clouds
100,Constitucion,-35.3333,-72.4167,65.91,70,10,10.25,CL,2021-03-05 15:37:23,clear sky
101,Coihaique,-45.5752,-72.0662,69.8,43,0,5.82,CL,2021-03-05 15:35:43,clear sky
102,Avarua,-21.2078,-159.775,75.2,100,20,1.14,CK,2021-03-05 15:37:24,few clouds
103,Port Elizabeth,-33.918,25.5701,73.4,68,20,10.36,ZA,2021-03-05 15:37:24,few clouds
104,Sao Filipe,14.8961,-24.4956,72.14,70,31,16.15,CV,2021-03-05 15:37:24,scattered clouds
105,Grindavik,63.8424,-22.4338,44.6,87,75,18.41,IS,2021-03-05 15:37:25,broken clouds
106,Madang,-5.2246,145.7966,76.77,88,100,7.27,PG,2021-03-05 15:37:25,very heavy rain
107,Rundu,-17.9333,19.7667,78.76,49,66,3.98,NA,2021-03-05 15:37:25,broken clouds
108,Flinders,-34.5833,150.8552,64.0,74,99,1.01,AU,2021-03-05 15:37:27,overcast clouds
109,Saldanha,-33.0117,17.9442,80.6,34,0,10.36,ZA,2021-03-05 15:37:27,clear sky
110,Gwanda,-20.9333,29.0,79.0,41,1,8.25,ZW,2021-03-05 15:37:27,clear sky
111,Deputatskiy,69.3,139.9,-22.41,85,100,11.59,RU,2021-03-05 15:37:27,overcast clouds
112,Hue,16.4667,107.6,77.0,94,20,3.44,VN,2021-03-05 15:37:28,few clouds
113,Alofi,-19.0595,-169.9187,75.2,100,100,3.44,NU,2021-03-05 15:37:28,overcast clouds
114,Salalah,17.0151,54.0924,84.2,45,0,3.44,OM,2021-03-05 15:34:29,clear sky
115,Namtsy,62.7161,129.6658,-31.0,68,0,2.24,RU,2021-03-05 15:37:29,clear sky
116,Ossora,59.2353,163.0719,-20.0,79,0,5.55,RU,2021-03-05 15:37:29,clear sky
117,Dharchula,29.85,80.5333,55.54,36,47,7.38,IN,2021-03-05 15:37:29,scattered clouds
118,Fitiai,38.7,21.1833,57.2,67,40,8.05,GR,2021-03-05 15:37:29,scattered clouds
119,Huangmei,30.1924,116.025,52.29,89,99,7.09,CN,2021-03-05 15:37:30,overcast clouds
120,Nybro,56.7446,15.9071,39.2,38,0,11.5,SE,2021-03-05 15:37:30,clear sky
121,Saint-Philippe,-21.3585,55.7679,82.4,69,75,9.22,RE,2021-03-05 15:37:30,broken clouds
122,Moyale,3.5167,39.0584,80.49,35,79,10.69,KE,2021-03-05 15:37:30,broken clouds
123,Norilsk,69.3535,88.2027,-10.86,85,59,5.21,RU,2021-03-05 15:37:31,broken clouds
124,Thompson,55.7435,-97.8558,14.0,92,90,5.75,CA,2021-03-05 15:37:31,light snow
125,Narsaq,60.9167,-46.05,33.8,86,75,3.65,GL,2021-03-05 15:37:31,broken clouds
126,Sayyan,15.1718,44.3244,64.45,29,3,11.72,YE,2021-03-05 15:37:32,clear sky
127,Kattivakkam,13.2167,80.3167,80.6,69,20,6.91,IN,2021-03-05 15:37:33,few clouds
128,Saint George,37.1041,-113.5841,39.2,56,1,2.3,US,2021-03-05 15:37:33,clear sky
129,Wittmund,53.5667,7.7833,42.01,52,20,9.22,DE,2021-03-05 15:37:33,few clouds
130,Gat,31.61,34.7642,63.0,63,20,9.22,IL,2021-03-05 15:37:33,few clouds
131,Mao,39.8885,4.2658,59.0,55,20,9.22,ES,2021-03-05 15:37:34,few clouds
132,Nemuro,43.3236,145.575,36.97,92,15,17.07,JP,2021-03-05 15:37:34,few clouds
133,Ahipara,-35.1667,173.1667,59.18,82,8,5.64,NZ,2021-03-05 15:37:34,clear sky
134,Ribeira Grande,38.5167,-28.7,60.8,72,20,8.05,PT,2021-03-05 15:37:34,few clouds
135,Brownsville,25.9018,-97.4975,71.6,78,90,4.61,US,2021-03-05 15:34:59,overcast clouds
136,Rikitea,-23.1203,-134.9692,79.97,83,0,11.27,PF,2021-03-05 15:37:35,clear sky
137,Totness,5.8833,-56.3167,82.06,76,99,11.81,SR,2021-03-05 15:37:35,overcast clouds
138,Mandera,3.9366,41.867,91.35,22,100,10.92,KE,2021-03-05 15:37:35,overcast clouds
139,Lavrentiya,65.5833,-171.0,3.06,93,85,9.26,RU,2021-03-05 15:37:36,overcast clouds
140,Leningradskiy,69.3833,178.4167,-2.88,91,100,4.74,RU,2021-03-05 15:37:36,overcast clouds
141,Roma,43.2128,-75.4557,23.0,53,1,14.97,US,2021-03-05 15:37:36,clear sky
142,Solnechnyy,50.7214,136.6319,-10.44,86,53,3.58,RU,2021-03-05 15:37:37,broken clouds
143,Antalaha,-14.9003,50.2788,80.31,85,76,2.62,MG,2021-03-05 15:37:37,light rain
144,Jijiga,9.35,42.8,67.87,45,77,18.23,ET,2021-03-05 15:37:37,broken clouds
145,Astoria,46.1879,-123.8313,48.2,87,90,16.11,US,2021-03-05 15:37:37,moderate rain
146,Aswan,24.0934,32.907,72.45,20,0,10.33,EG,2021-03-05 15:37:38,clear sky
147,Carnarvon,-24.8667,113.6333,77.0,88,0,14.97,AU,2021-03-05 15:37:38,clear sky
148,Bouar,5.934,15.596,93.61,13,4,7.94,CF,2021-03-05 15:37:38,clear sky
149,Klaksvik,62.2266,-6.589,39.2,87,75,11.5,FO,2021-03-05 15:37:39,broken clouds
150,Niamey,13.5137,2.1098,102.2,5,24,10.36,NE,2021-03-05 15:37:39,few clouds
151,Shache,38.4167,77.2406,47.93,48,0,2.33,CN,2021-03-05 15:37:39,clear sky
152,Wenling,28.3669,121.36,55.0,92,99,6.82,CN,2021-03-05 15:37:39,overcast clouds
153,Souillac,-20.5167,57.5167,78.8,83,75,3.44,MU,2021-03-05 15:37:40,broken clouds
154,Griffith,41.5284,-87.4237,39.0,64,1,4.72,US,2021-03-05 15:32:47,clear sky
155,Tiksi,71.6872,128.8694,-24.75,86,72,4.32,RU,2021-03-05 15:37:40,broken clouds
156,Sabang,5.8933,95.3214,82.81,77,92,6.93,ID,2021-03-05 15:37:40,overcast clouds
157,Nanortalik,60.1432,-45.2371,35.06,87,14,3.94,GL,2021-03-05 15:37:41,few clouds
158,Upernavik,72.7868,-56.1549,-13.61,83,55,18.05,GL,2021-03-05 15:37:41,broken clouds
159,Methven,-43.6333,171.65,55.99,86,50,1.01,NZ,2021-03-05 15:37:42,scattered clouds
160,Acapulco,16.8634,-99.8901,78.8,69,75,2.33,MX,2021-03-05 15:37:42,broken clouds
161,Yima,34.7381,111.8839,52.0,99,100,20.6,CN,2021-03-05 15:37:42,overcast clouds
162,Seminole,28.7086,-81.2081,70.0,42,1,6.91,US,2021-03-05 15:35:09,clear sky
163,Raudeberg,61.9875,5.1352,37.0,100,75,8.05,NO,2021-03-05 15:37:43,moderate rain
164,Mahebourg,-20.4081,57.7,78.8,83,75,3.44,MU,2021-03-05 15:37:44,broken clouds
165,Cap Malheureux,-19.9842,57.6142,78.01,80,65,5.99,MU,2021-03-05 15:37:45,heavy intensity rain
166,Esperance,-33.8667,121.9,66.2,94,90,6.91,AU,2021-03-05 15:37:45,overcast clouds
167,Namibe,-15.1961,12.1522,84.2,61,20,12.66,AO,2021-03-05 15:37:46,few clouds
168,Ulaanbaatar,47.9077,106.8832,17.6,35,0,13.42,MN,2021-03-05 15:34:20,clear sky
169,Olafsvik,64.8945,-23.7142,41.63,85,96,14.61,IS,2021-03-05 15:37:46,overcast clouds
170,Neverkino,52.7854,46.7417,18.5,96,0,6.96,RU,2021-03-05 15:37:46,clear sky
171,Bambous Virieux,-20.3428,57.7575,78.8,83,75,3.44,MU,2021-03-05 15:37:47,broken clouds
172,Kaitangata,-46.2817,169.8464,54.0,87,94,6.51,NZ,2021-03-05 15:37:47,overcast clouds
173,Gwadar,25.1216,62.3254,75.74,74,0,7.83,PK,2021-03-05 15:37:48,clear sky
174,Chuy,-33.6971,-53.4616,77.29,62,2,13.67,UY,2021-03-05 15:37:48,clear sky
175,Barrow,71.2906,-156.7887,-11.2,64,75,21.85,US,2021-03-05 15:37:48,haze
176,Torbay,47.6666,-52.7314,37.99,70,75,14.97,CA,2021-03-05 15:37:49,broken clouds
177,Hay River,60.8156,-115.7999,8.6,78,100,1.14,CA,2021-03-05 15:37:49,overcast clouds
178,Fortuna,40.5982,-124.1573,53.01,74,100,5.99,US,2021-03-05 15:37:50,light rain
179,Monrovia,6.3005,-10.7969,82.4,83,75,4.61,LR,2021-03-05 15:37:50,light rain
180,Lingao,19.9103,109.6859,72.99,86,6,6.71,CN,2021-03-05 15:37:50,clear sky
181,Rabo De Peixe,37.8,-25.5833,60.8,72,20,14.97,PT,2021-03-05 15:37:50,few clouds
182,Pinkafeld,47.3667,16.1167,39.0,75,51,11.01,AT,2021-03-05 15:37:51,broken clouds
183,Tuatapere,-46.1333,167.6833,46.99,80,96,7.14,NZ,2021-03-05 15:37:51,overcast clouds
184,Los Llanos De Aridane,28.6585,-17.9182,71.6,64,40,11.5,ES,2021-03-05 15:37:52,scattered clouds
185,Pierre,44.3683,-100.351,30.2,100,90,3.44,US,2021-03-05 15:37:52,fog
186,Cherskiy,68.75,161.3,-5.85,91,100,13.67,RU,2021-03-05 15:37:52,light snow
187,Padang,-0.9492,100.3543,80.6,89,40,1.14,ID,2021-03-05 15:37:53,scattered clouds
188,Tessalit,20.1986,1.0114,91.06,13,11,14.25,ML,2021-03-05 15:37:53,few clouds
189,Hadrut,39.52,47.0318,37.78,84,68,2.57,AZ,2021-03-05 15:37:53,broken clouds
190,Kaohsiung,22.6163,120.3133,75.2,78,75,5.75,TW,2021-03-05 15:37:13,broken clouds
191,Barranca,-10.75,-77.7667,78.06,62,36,9.35,PE,2021-03-05 15:37:54,scattered clouds
192,Santa Isabel Do Rio Negro,-0.4139,-65.0192,86.79,62,99,3.51,BR,2021-03-05 15:37:54,light rain
193,Gap,44.6667,6.0,46.99,68,67,10.0,FR,2021-03-05 15:37:54,broken clouds
194,Yaan,7.3833,8.5667,103.84,8,1,7.56,NG,2021-03-05 15:37:54,clear sky
195,Vangaindrano,-23.35,47.6,77.9,86,100,3.87,MG,2021-03-05 15:37:55,light rain
196,Georgetown,5.4112,100.3354,86.0,78,20,4.61,MY,2021-03-05 15:33:24,few clouds
197,Cidreira,-30.1811,-50.2056,76.44,80,98,13.65,BR,2021-03-05 15:37:55,overcast clouds
198,Lincoln,40.8,-96.667,43.0,67,5,5.01,US,2021-03-05 15:37:39,clear sky
199,Cascais,38.6979,-9.4215,61.0,72,40,14.97,PT,2021-03-05 15:37:56,scattered clouds
200,Bathsheba,13.2167,-59.5167,84.2,58,40,19.57,BB,2021-03-05 15:37:56,scattered clouds
201,Abalak,58.1286,68.5944,24.67,98,93,8.59,RU,2021-03-05 15:37:56,light snow
202,Mongomo,1.6274,11.3135,86.36,52,59,2.37,GQ,2021-03-05 15:37:56,broken clouds
203,Norman Wells,65.282,-126.8329,-18.4,76,40,5.03,CA,2021-03-05 15:37:56,scattered clouds
204,La Ronge,55.1001,-105.2842,26.6,80,100,10.36,CA,2021-03-05 15:37:57,overcast clouds
205,Novobirilyussy,56.9514,90.6661,23.92,96,100,13.44,RU,2021-03-05 15:37:57,overcast clouds
206,Luderitz,-26.6481,15.1594,74.71,45,0,17.63,NA,2021-03-05 15:37:57,clear sky
207,Gizo,-8.103,156.8419,82.29,76,70,10.4,SB,2021-03-05 15:37:58,light rain
208,Srednekolymsk,67.45,153.6833,-3.19,91,100,21.27,RU,2021-03-05 15:37:58,light snow
209,Rocha,-34.4833,-54.3333,71.76,75,29,15.64,UY,2021-03-05 15:36:27,scattered clouds
210,Coahuayana,18.7333,-103.6833,71.6,60,1,2.53,MX,2021-03-05 15:37:59,clear sky
211,Roald,62.5833,6.1333,37.4,93,75,23.02,NO,2021-03-05 15:37:59,broken clouds
212,Mwene-Ditu,-7.0,23.45,75.15,87,90,3.91,CD,2021-03-05 15:38:00,overcast clouds
213,Miles City,46.4083,-105.8406,30.2,86,1,6.91,US,2021-03-05 15:38:00,clear sky
214,Angoram,-4.0625,144.0661,73.56,96,100,2.26,PG,2021-03-05 15:38:00,overcast clouds
215,Finschhafen,-6.6024,147.8681,81.21,77,100,6.51,PG,2021-03-05 15:38:00,overcast clouds
216,Talaya,61.3833,152.75,-29.63,82,87,0.89,RU,2021-03-05 15:38:01,overcast clouds
217,Comodoro Rivadavia,-45.8667,-67.5,75.2,57,20,11.5,AR,2021-03-05 15:38:01,few clouds
218,Krasnogorodsk,56.8357,28.2822,26.26,83,95,3.83,RU,2021-03-05 15:38:01,overcast clouds
219,Walvis Bay,-22.9575,14.5053,86.0,35,0,14.97,NA,2021-03-05 15:33:05,clear sky
220,Aykhal,66.0,111.5,-11.25,88,100,9.86,RU,2021-03-05 15:38:02,overcast clouds
221,Touros,-5.1989,-35.4608,87.8,62,75,14.97,BR,2021-03-05 15:38:02,broken clouds
222,Ligayan,4.6533,119.4706,82.09,80,99,11.83,PH,2021-03-05 15:38:03,overcast clouds
223,Tasiilaq,65.6145,-37.6368,37.4,87,75,2.3,GL,2021-03-05 15:38:03,broken clouds
224,Kununurra,-15.7667,128.7333,82.4,68,18,3.44,AU,2021-03-05 15:38:03,few clouds
225,Longyearbyen,78.2186,15.6401,8.6,72,75,28.77,SJ,2021-03-05 15:38:03,snow
226,Zuwarah,32.9312,12.082,67.15,41,0,13.22,LY,2021-03-05 15:38:04,clear sky
227,Dikson,73.5069,80.5464,-28.05,80,79,12.82,RU,2021-03-05 15:38:04,broken clouds
228,Kamina,-8.7386,24.9906,73.2,88,75,3.33,CD,2021-03-05 15:38:04,broken clouds
229,Kunfeherto,46.3609,19.4145,51.01,50,40,18.41,HU,2021-03-05 15:38:04,scattered clouds
230,Katobu,-4.9408,122.5276,75.92,89,100,3.11,ID,2021-03-05 15:38:05,moderate rain
231,Robertsport,6.7533,-11.3686,82.38,78,13,11.79,LR,2021-03-05 15:38:05,few clouds
232,Puerto Ayora,-0.7393,-90.3518,82.4,83,20,5.75,EC,2021-03-05 15:38:05,few clouds
233,Korla,41.7597,86.1469,43.02,60,78,1.3,CN,2021-03-05 15:38:06,broken clouds
234,Albanel,48.8832,-72.4487,3.2,55,100,14.97,CA,2021-03-05 15:34:03,overcast clouds
235,Finnsnes,69.2296,17.9811,28.4,74,75,10.36,NO,2021-03-05 15:38:06,light snow
236,Arapiraca,-9.7525,-36.6611,92.23,39,64,13.24,BR,2021-03-05 15:38:07,broken clouds
237,Lagoa,39.05,-27.9833,57.4,70,72,8.08,PT,2021-03-05 15:38:07,broken clouds
238,Ancud,-41.8697,-73.8203,71.6,43,0,3.44,CL,2021-03-05 15:38:07,clear sky
239,Lebu,-37.6167,-73.65,64.85,72,1,9.51,CL,2021-03-05 15:38:07,clear sky
240,Shingu,33.7333,135.9833,58.41,90,99,11.3,JP,2021-03-05 15:38:08,overcast clouds
241,Dunkirk,51.05,2.3667,45.0,60,1,5.01,FR,2021-03-05 15:34:31,clear sky
242,Telenesti,47.4997,28.3656,57.2,38,0,2.3,MD,2021-03-05 15:38:08,clear sky
243,Jacqueville,5.2052,-4.4146,87.8,79,20,16.11,CI,2021-03-05 15:38:08,few clouds
244,Rio Claro,-22.4114,-47.5614,81.0,65,75,14.97,BR,2021-03-05 15:36:47,broken clouds
245,Zwedru,6.0667,-8.1281,83.26,76,98,4.56,LR,2021-03-05 15:38:09,light rain
246,Kovernino,57.1253,43.8142,14.27,96,69,5.95,RU,2021-03-05 15:38:09,broken clouds
247,Mehamn,71.0357,27.8492,23.0,79,0,9.22,NO,2021-03-05 15:38:10,clear sky
248,Asfi,32.2994,-9.2372,61.84,81,43,19.53,MA,2021-03-05 15:38:10,scattered clouds
249,Montgomery,39.1501,-77.1997,34.0,37,1,19.57,US,2021-03-05 15:33:13,clear sky
250,Clearwater,27.9659,-82.8001,71.01,37,73,6.91,US,2021-03-05 15:36:53,broken clouds
251,Hokitika,-42.7167,170.9667,54.41,87,94,3.15,NZ,2021-03-05 15:38:11,overcast clouds
252,Ulaangom,49.9811,92.0667,6.15,88,30,5.93,MN,2021-03-05 15:38:11,scattered clouds
253,Boden,65.8252,21.6886,28.4,43,0,4.61,SE,2021-03-05 15:38:11,clear sky
254,Port Macquarie,-31.4333,152.9167,68.0,81,100,10.78,AU,2021-03-05 15:38:12,overcast clouds
255,Tynda,55.1667,124.7167,-24.47,82,0,2.59,RU,2021-03-05 15:38:12,clear sky
256,Bilibino,68.0546,166.4372,-21.33,83,100,1.28,RU,2021-03-05 15:38:12,overcast clouds
257,Glyadyanskoye,54.9075,65.0883,30.58,98,100,19.57,RU,2021-03-05 15:38:12,light snow
258,Gamboma,-1.8764,15.8644,88.48,49,71,4.5,CG,2021-03-05 15:38:13,broken clouds
259,Fallon,39.4735,-118.7774,26.6,68,75,5.79,US,2021-03-05 15:34:11,broken clouds
260,Khani,41.9563,42.9566,53.6,40,0,1.14,GE,2021-03-05 15:38:13,clear sky
261,Kaka,37.3482,59.6143,57.65,46,96,5.73,TM,2021-03-05 15:38:14,overcast clouds
262,Buta,2.7858,24.73,95.94,24,68,1.86,CD,2021-03-05 15:38:14,broken clouds
263,Binga,-17.6203,27.3414,79.75,62,0,0.72,ZW,2021-03-05 15:34:14,clear sky
264,Ambon,-3.6954,128.1814,80.6,78,40,2.3,ID,2021-03-05 15:38:14,scattered clouds
265,Thinadhoo,0.5333,72.9333,83.62,68,13,7.54,MV,2021-03-05 15:38:15,few clouds
266,College,64.8569,-147.8028,-0.99,76,20,1.54,US,2021-03-05 15:38:15,few clouds
267,Bredasdorp,-34.5322,20.0403,77.0,53,0,14.97,ZA,2021-03-05 15:38:15,clear sky
268,Hithadhoo,-0.6,73.0833,84.24,66,14,7.52,MV,2021-03-05 15:38:15,few clouds
269,Ayan,56.45,138.1667,-16.47,75,31,17.76,RU,2021-03-05 15:38:15,scattered clouds
270,Gorom-Gorom,14.4439,-0.2361,100.27,8,0,8.16,BF,2021-03-05 15:38:16,clear sky
271,Eureka,40.8021,-124.1637,53.6,62,90,17.27,US,2021-03-05 15:33:21,overcast clouds
272,Oranjemund,-28.55,16.4333,67.33,65,0,12.28,NA,2021-03-05 15:38:16,clear sky
273,Bonavista,48.6499,-53.1147,37.0,74,78,10.36,CA,2021-03-05 15:38:17,broken clouds
274,Rocky Mountain House,52.3668,-114.9188,21.2,93,100,1.14,CA,2021-03-05 15:38:17,overcast clouds
275,Kiomboi,-4.2667,34.3667,67.26,84,100,5.01,TZ,2021-03-05 15:38:18,light rain
276,Inhambane,-23.865,35.3833,84.2,70,40,5.75,MZ,2021-03-05 15:38:18,light rain
277,Jamame,0.0722,42.7506,78.37,70,25,13.69,SO,2021-03-05 15:38:18,scattered clouds
278,Samarai,-10.6167,150.6667,81.46,76,78,13.11,PG,2021-03-05 15:38:19,broken clouds
279,Dicabisagan,17.0818,122.4157,75.11,81,48,3.98,PH,2021-03-05 15:38:19,scattered clouds
280,Gimli,50.6336,-96.9907,19.4,73,98,6.91,CA,2021-03-05 15:38:19,overcast clouds
281,Maceio,-9.6658,-35.7353,84.2,65,75,4.61,BR,2021-03-05 15:38:20,broken clouds
282,Mogadishu,2.0371,45.3438,82.4,65,0,20.71,SO,2021-03-05 15:34:24,clear sky
283,Luanshya,-13.1367,28.4166,70.02,92,68,3.36,ZM,2021-03-05 15:38:21,light rain
284,Harper,4.375,-7.7169,83.57,74,16,11.88,LR,2021-03-05 15:33:26,few clouds
285,Mount Gambier,-37.8333,140.7667,55.4,67,90,11.5,AU,2021-03-05 15:38:21,overcast clouds
286,Markova,48.6758,24.4138,32.0,100,75,4.47,UA,2021-03-05 15:38:21,snow
287,La Rioja,42.25,-2.5,59.0,55,40,4.61,ES,2021-03-05 15:38:22,scattered clouds
288,Kismayo,-0.3582,42.5454,79.07,75,23,18.79,SO,2021-03-05 15:38:22,few clouds
289,Pacific Grove,36.6177,-121.9166,48.99,93,1,4.61,US,2021-03-05 15:33:33,clear sky
290,Fairbanks,64.8378,-147.7164,-0.99,76,75,1.21,US,2021-03-05 15:35:13,broken clouds
291,Belaya Gora,68.5333,146.4167,-14.12,88,100,24.05,RU,2021-03-05 15:38:23,light snow
292,Joensuu,62.6012,29.7632,21.2,63,0,9.22,FI,2021-03-05 15:38:23,clear sky
293,Hami,42.8,93.45,40.03,63,28,2.55,CN,2021-03-05 15:38:23,scattered clouds
294,Oktyabrskiy,54.4815,53.471,11.86,94,49,4.09,RU,2021-03-05 15:38:24,scattered clouds
295,Morant Bay,17.8815,-76.4093,84.0,65,20,10.36,JM,2021-03-05 15:38:24,few clouds
296,Constantine,36.365,6.6147,60.8,55,40,5.75,DZ,2021-03-05 15:36:36,scattered clouds
297,Port Lincoln,-34.7333,135.8667,61.05,76,100,16.71,AU,2021-03-05 15:38:25,heavy intensity rain
298,Flin Flon,54.7682,-101.865,21.2,73,90,8.05,CA,2021-03-05 15:38:25,overcast clouds
299,Saint-Pierre,-21.3393,55.4781,82.4,69,75,9.22,RE,2021-03-05 15:38:25,broken clouds
300,Margate,51.3813,1.3862,43.0,53,77,5.99,GB,2021-03-05 15:38:25,broken clouds
301,Panguipulli,-39.6333,-72.3333,71.6,53,0,3.44,CL,2021-03-05 15:38:26,clear sky
302,Bukachacha,52.9833,116.9167,-19.68,85,24,1.3,RU,2021-03-05 15:38:26,few clouds
303,Birjand,32.8663,59.2211,53.6,76,75,4.61,IR,2021-03-05 15:38:27,broken clouds
304,Belle Fourche,44.6714,-103.8522,50.0,34,1,3.44,US,2021-03-05 15:38:27,clear sky
305,Yar-Sale,66.8333,70.8333,10.31,96,97,1.59,RU,2021-03-05 15:38:27,overcast clouds
306,Jalu,29.0331,21.5482,71.89,20,0,11.36,LY,2021-03-05 15:38:28,clear sky
307,Severo-Yeniseyskiy,60.3725,93.0408,17.76,97,100,7.05,RU,2021-03-05 15:38:28,overcast clouds
308,Tateyama,34.9833,139.8667,53.6,100,75,1.68,JP,2021-03-05 15:37:06,mist
309,Pangnirtung,66.1451,-65.7125,6.8,56,75,14.97,CA,2021-03-05 15:38:29,snow
310,Ocos,14.5094,-92.1933,84.2,70,1,4.18,GT,2021-03-05 15:38:29,clear sky
311,Erenhot,43.6475,111.9767,11.23,82,0,10.04,CN,2021-03-05 15:38:29,clear sky
312,Staroaleyskoye,51.0061,82.0,20.05,95,19,10.29,RU,2021-03-05 15:38:30,few clouds
313,Luzhou,28.8724,105.4405,62.13,48,60,2.28,CN,2021-03-05 15:38:30,broken clouds
314,Saint Augustine,29.8947,-81.3145,66.0,63,1,10.36,US,2021-03-05 15:37:47,clear sky
315,Meiganga,6.5167,14.3,93.83,12,18,9.42,CM,2021-03-05 15:38:31,few clouds
316,Araouane,18.9048,-3.5265,91.15,11,0,7.34,ML,2021-03-05 15:38:31,clear sky
317,Trairi,-3.2778,-39.2689,88.05,58,59,14.85,BR,2021-03-05 15:38:31,moderate rain
318,Aklavik,68.2191,-135.0107,-18.4,76,1,10.36,CA,2021-03-05 15:38:31,clear sky
319,Conceicao Do Araguaia,-8.2578,-49.2647,82.4,78,75,8.05,BR,2021-03-05 15:38:32,broken clouds
320,Taltal,-25.4,-70.4833,72.75,61,0,5.73,CL,2021-03-05 15:38:32,clear sky
321,Salisbury,51.0693,-1.7957,44.01,52,75,14.97,GB,2021-03-05 15:38:33,broken clouds
322,Necochea,-38.5473,-58.7368,66.0,66,97,5.99,AR,2021-03-05 15:38:33,overcast clouds
323,Dubti,11.7361,41.0853,91.8,25,78,4.45,ET,2021-03-05 15:38:33,broken clouds
324,Sao Joao Da Barra,-21.6403,-41.0511,91.4,46,0,9.22,BR,2021-03-05 15:38:34,clear sky
325,Freeport,40.6576,-73.5832,32.0,31,1,10.36,US,2021-03-05 15:37:28,clear sky
326,Redmond,47.674,-122.1215,46.0,83,100,4.76,US,2021-03-05 15:34:48,overcast clouds
327,Saint-Francois,46.4154,3.9054,46.4,76,90,9.22,FR,2021-03-05 15:38:34,overcast clouds
328,Te Anau,-45.4167,167.7167,43.2,86,41,2.8,NZ,2021-03-05 15:38:35,scattered clouds
329,Zboriste,45.1458,16.0178,51.8,62,20,23.02,BA,2021-03-05 15:37:04,few clouds
330,Mahon,39.8885,4.2658,59.0,55,20,9.22,ES,2021-03-05 15:38:35,few clouds
331,Port-Gentil,-0.7193,8.7815,84.2,79,75,18.41,GA,2021-03-05 15:38:35,moderate rain
332,Pringsewu,-5.3582,104.9744,74.35,92,100,2.04,ID,2021-03-05 15:38:36,overcast clouds
333,Gouyave,12.1646,-61.7296,78.85,78,19,18.54,GD,2021-03-05 15:38:36,few clouds
334,Yerbogachen,61.2767,108.0108,5.5,94,100,9.1,RU,2021-03-05 15:38:36,overcast clouds
335,Sitka,57.0531,-135.33,42.8,61,90,16.11,US,2021-03-05 15:38:37,snow
336,Fukue,32.6881,128.8419,58.1,81,100,18.95,JP,2021-03-05 15:38:37,overcast clouds
337,Hasaki,35.7333,140.8333,51.8,100,90,3.44,JP,2021-03-05 15:38:37,moderate rain
338,Khrebtovaya,56.7032,104.2494,6.76,94,100,6.02,RU,2021-03-05 15:38:37,overcast clouds
339,Deer Lake,49.1667,-57.4316,24.8,63,90,16.11,CA,2021-03-05 15:38:38,light snow
340,Shenjiamen,29.9576,122.298,51.12,92,100,2.3,CN,2021-03-05 15:38:10,light rain
341,Almaznyy,48.0448,40.045,42.8,81,40,15.66,RU,2021-03-05 15:38:38,scattered clouds
342,Honningsvag,70.9821,25.9704,23.0,63,75,8.05,NO,2021-03-05 15:38:39,broken clouds
343,Camacha,33.0833,-16.3333,64.4,63,40,24.16,PT,2021-03-05 15:38:39,scattered clouds
344,Ko Samui,9.5357,99.9357,81.14,73,0,12.68,TH,2021-03-05 15:38:39,clear sky
345,Saint Anthony,45.0205,-93.218,39.0,65,90,4.61,US,2021-03-05 15:38:40,overcast clouds
346,Milkovo,54.7167,158.6167,9.19,94,82,1.21,RU,2021-03-05 15:38:40,broken clouds
347,Belyy Yar,53.6039,91.3903,28.4,54,0,13.42,RU,2021-03-05 15:38:41,clear sky
348,Mackay,-21.15,149.2,71.6,88,23,4.61,AU,2021-03-05 15:38:41,few clouds
349,Slyudyanka,51.6594,103.7061,11.07,87,69,3.09,RU,2021-03-05 15:38:41,broken clouds
350,Olinda,-8.0089,-34.8553,84.2,61,40,12.66,BR,2021-03-05 15:38:42,scattered clouds
351,Emerald,-23.5333,148.1667,78.8,50,40,4.61,AU,2021-03-05 15:38:42,scattered clouds
352,Akyab,20.15,92.9,73.89,81,0,5.73,MM,2021-03-05 15:38:43,clear sky
353,Nouadhibou,20.931,-17.0347,75.2,53,0,16.11,MR,2021-03-05 15:38:43,sand
354,Tongzi,28.7829,105.0877,62.38,45,87,2.75,CN,2021-03-05 15:38:44,overcast clouds
355,Biak,-0.9131,122.8766,76.87,81,100,7.87,ID,2021-03-05 15:38:44,light rain
356,Dingle,10.9995,122.6711,75.9,88,7,8.61,PH,2021-03-05 15:38:45,clear sky
357,Ondjiva,-17.0667,15.7333,91.4,27,40,2.3,AO,2021-03-05 15:38:45,scattered clouds
358,Khor,47.8861,134.9464,-11.97,87,21,10.16,RU,2021-03-05 15:38:45,few clouds
359,Gramado,-29.3786,-50.8739,66.0,95,70,4.21,BR,2021-03-05 15:38:46,broken clouds
360,Orbetello,42.4408,11.2196,51.8,100,90,8.05,IT,2021-03-05 15:38:46,fog
361,Laguna,38.421,-121.4238,46.99,81,1,4.61,US,2021-03-05 15:38:47,clear sky
362,Okhotsk,59.3833,143.3,-22.11,74,1,15.84,RU,2021-03-05 15:38:47,clear sky
363,Angoche,-16.2325,39.9086,79.88,87,98,5.66,MZ,2021-03-05 15:38:47,light rain
364,Prince Rupert,54.3161,-130.3201,41.0,80,1,5.75,CA,2021-03-05 15:35:59,clear sky
365,Roebourne,-20.7833,117.1333,81.61,62,0,11.52,AU,2021-03-05 15:38:48,light rain
366,Bubaque,11.2833,-15.8333,77.74,56,61,11.95,GW,2021-03-05 15:38:48,broken clouds
367,Avera,33.194,-82.5271,57.99,35,1,8.05,US,2021-03-05 15:38:48,clear sky
368,Juan Lacaze,-34.4342,-57.4381,73.0,73,75,16.11,UY,2021-03-05 15:38:48,light rain
369,Bulgan,48.8125,103.5347,15.44,79,0,3.36,MN,2021-03-05 15:38:48,clear sky
370,Marawi,7.9986,124.2928,77.0,90,15,5.99,PH,2021-03-05 15:38:49,few clouds
371,Nalut,30.3333,10.85,70.9,22,7,17.49,LY,2021-03-05 15:38:49,clear sky
372,Nome,64.5011,-165.4064,10.0,95,90,11.39,US,2021-03-05 15:38:49,overcast clouds
373,Asola,45.2211,10.4136,61.0,51,17,9.22,IT,2021-03-05 15:38:50,few clouds
374,Creston,41.0586,-94.3614,39.0,87,1,10.36,US,2021-03-05 15:38:50,clear sky
375,Tilichiki,60.4667,166.1,-25.73,87,70,3.85,RU,2021-03-05 15:38:50,broken clouds
376,Lasa,46.6166,10.7002,59.0,65,75,5.75,IT,2021-03-05 15:38:51,broken clouds
377,Husavik,66.0449,-17.3389,42.8,56,0,14.97,IS,2021-03-05 15:38:51,clear sky
378,Kroonstad,-27.6504,27.2349,84.99,29,32,6.76,ZA,2021-03-05 15:38:51,scattered clouds
379,Cacoal,-11.4386,-61.4472,77.47,91,100,5.21,BR,2021-03-05 15:38:52,overcast clouds
380,Caravelas,-17.7125,-39.2481,85.69,55,0,11.1,BR,2021-03-05 15:38:52,clear sky
381,Nizwa,22.9333,57.5333,79.21,20,8,4.63,OM,2021-03-05 15:38:52,clear sky
382,Bernal,-5.45,-80.75,83.84,52,100,2.95,PE,2021-03-05 15:38:53,overcast clouds
383,Kaoma,-14.7833,24.8,73.45,77,2,3.94,ZM,2021-03-05 15:38:54,light rain
384,Puerto Del Rosario,28.5004,-13.8627,73.4,53,75,18.41,ES,2021-03-05 15:38:54,broken clouds
385,Cururupu,-1.8283,-44.8683,88.2,56,87,6.85,BR,2021-03-05 15:38:54,overcast clouds
386,Dandong,40.1292,124.3947,23.59,79,4,19.53,CN,2021-03-05 15:38:54,clear sky
387,Porto Novo,6.4965,2.6036,89.6,70,20,17.27,BJ,2021-03-05 15:38:56,few clouds
388,Whitehorse,60.7161,-135.0538,10.4,92,90,4.61,CA,2021-03-05 15:35:17,overcast clouds
389,Dalian,38.9122,121.6022,24.8,42,40,17.9,CN,2021-03-05 15:38:56,scattered clouds
390,Luanda,-8.8368,13.2343,84.2,74,75,8.05,AO,2021-03-05 15:38:57,broken clouds
391,Zhangjiakou,40.81,114.8794,30.43,88,97,3.4,CN,2021-03-05 15:38:57,overcast clouds
392,Meadow Lake,34.8014,-106.5436,43.0,56,1,4.54,US,2021-03-05 15:38:57,clear sky
393,Altay,47.8667,88.1167,19.02,93,95,2.37,CN,2021-03-05 15:38:57,overcast clouds
394,Saurimo,-9.6608,20.3916,75.87,82,77,1.86,AO,2021-03-05 15:38:58,moderate rain
395,Nizhnevartovsk,60.9344,76.5531,21.2,93,90,6.71,RU,2021-03-05 15:38:58,overcast clouds
396,Murgab,37.4966,61.9714,59.0,44,90,6.91,TM,2021-03-05 15:38:58,overcast clouds
397,Honiara,-9.4333,159.95,78.13,84,99,2.17,SB,2021-03-05 15:38:59,light rain
398,Mount Isa,-20.7333,139.5,69.8,21,0,8.05,AU,2021-03-05 15:38:59,clear sky
399,Iwanai,42.9744,140.5089,30.11,97,99,14.5,JP,2021-03-05 15:38:59,light snow
400,Severo-Kurilsk,50.6789,156.125,33.76,92,98,14.72,RU,2021-03-05 15:38:59,overcast clouds
401,Chunskiy,56.0815,99.6342,9.18,95,99,3.36,RU,2021-03-05 15:39:00,overcast clouds
402,Tazmalt,36.3868,4.3989,63.93,50,31,4.59,DZ,2021-03-05 15:39:00,scattered clouds
403,San Miguel,13.4833,-88.1833,84.2,61,0,2.1,SV,2021-03-05 15:39:01,clear sky
404,Muriwai Beach,-36.8167,174.45,62.01,84,0,3.0,NZ,2021-03-05 15:35:01,clear sky
405,Ashland,40.8167,-82.2665,28.4,59,1,9.22,US,2021-03-05 15:39:01,clear sky
406,Mnogovershinnyy,53.9353,139.9242,-25.49,82,4,5.99,RU,2021-03-05 15:39:02,clear sky
407,Stokmarknes,68.5646,14.9108,33.8,100,90,8.05,NO,2021-03-05 15:39:02,light snow
408,Miri,4.4148,114.0089,80.6,94,40,3.44,MY,2021-03-05 15:39:03,scattered clouds
409,Luganville,-15.5333,167.1667,78.69,86,100,13.24,VU,2021-03-05 15:39:03,overcast clouds
410,Loa Janan,-0.583,117.095,74.46,94,100,2.08,ID,2021-03-05 15:39:04,overcast clouds
411,Jinxiang,27.4327,120.6062,54.66,86,97,7.7,CN,2021-03-05 15:39:04,light rain
412,Tolga,34.7222,5.3785,71.6,30,0,5.75,DZ,2021-03-05 15:34:17,clear sky
413,Xapuri,-10.6517,-68.5044,78.8,89,75,10.36,BR,2021-03-05 15:39:04,broken clouds
414,Konigs Wusterhausen,52.3014,13.633,42.01,36,0,10.36,DE,2021-03-05 15:39:05,clear sky
415,Paranhos,-23.8928,-55.4311,80.26,67,12,7.56,BR,2021-03-05 15:39:05,light rain
416,Champerico,14.3,-91.9167,82.4,47,0,3.49,GT,2021-03-05 15:39:05,clear sky
417,Cam Ranh,11.9214,109.1591,73.4,88,20,3.44,VN,2021-03-05 15:39:06,few clouds
418,Umm Lajj,25.0213,37.2685,73.89,40,0,22.08,SA,2021-03-05 15:39:06,clear sky
419,Piney Green,34.716,-77.3202,48.0,39,1,12.66,US,2021-03-05 15:39:06,clear sky
420,Volksrust,-27.3654,29.8818,66.88,64,48,5.86,ZA,2021-03-05 15:39:07,scattered clouds
421,Champasak,14.75,106.0,75.83,48,1,0.83,LA,2021-03-05 15:39:07,clear sky
422,San Patricio,28.017,-97.5169,68.0,88,90,1.32,US,2021-03-05 15:39:07,overcast clouds
423,Manuk Mangkaw,4.8,119.85,81.97,77,81,8.86,PH,2021-03-05 15:39:08,broken clouds
424,Caraballeda,10.6112,-66.8522,84.2,74,75,5.75,VE,2021-03-05 15:39:08,broken clouds
425,Dali,25.7,100.1833,45.97,63,8,7.85,CN,2021-03-05 15:39:09,clear sky
426,Goundi,9.3627,17.366,103.78,7,13,5.93,TD,2021-03-05 15:39:09,few clouds
427,Malatya,38.5,38.0,53.6,22,0,9.22,TR,2021-03-05 15:39:09,clear sky
428,Altea,38.5989,-0.0514,57.99,82,78,1.01,ES,2021-03-05 15:39:09,broken clouds
429,Marystown,47.1666,-55.1483,34.0,89,100,17.63,CA,2021-03-05 15:39:10,overcast clouds
430,Nabire,-3.3667,135.4833,75.51,91,100,1.66,ID,2021-03-05 15:39:10,moderate rain
431,Gornopravdinsk,60.05,69.9,17.69,97,100,3.87,RU,2021-03-05 15:39:11,overcast clouds
432,Tura,25.5198,90.2201,72.45,25,98,3.62,IN,2021-03-05 15:39:11,overcast clouds
433,Port Hardy,50.6996,-127.4199,42.8,93,90,16.11,CA,2021-03-05 15:39:11,moderate rain
434,Sosnovo-Ozerskoye,52.5249,111.5418,-7.08,88,44,3.78,RU,2021-03-05 15:39:12,scattered clouds
435,Khuzdar,27.7384,66.6434,71.46,22,0,5.26,PK,2021-03-05 15:39:12,clear sky
436,Tazovskiy,67.4667,78.7,6.3,95,100,11.7,RU,2021-03-05 15:39:13,overcast clouds
437,Kisangani,0.5167,25.2,91.4,49,75,4.61,CD,2021-03-05 15:39:13,broken clouds
438,North Bend,43.4065,-124.2243,48.99,93,90,13.8,US,2021-03-05 15:39:13,overcast clouds
439,Sete,43.4018,3.6966,60.8,63,0,10.36,FR,2021-03-05 15:39:14,clear sky
440,Ugoofaaru,5.6667,73.0,82.6,72,0,13.15,MV,2021-03-05 15:39:14,clear sky
441,Blind River,46.1834,-82.9582,24.8,58,1,20.71,CA,2021-03-05 15:39:14,clear sky
442,Mukhen,48.1,136.1,-8.66,87,97,7.92,RU,2021-03-05 15:39:14,overcast clouds
443,Geraldton,-28.7667,114.6,71.6,83,7,11.5,AU,2021-03-05 15:39:15,clear sky
444,Iranshahr,27.2025,60.6848,89.6,17,0,6.91,IR,2021-03-05 15:39:15,clear sky
445,Wright,45.1833,-93.9502,37.4,65,10,4.61,US,2021-03-05 15:39:15,clear sky
446,Koshurnikovo,54.1667,93.3,19.22,97,78,6.38,RU,2021-03-05 15:39:16,broken clouds
447,Ahuimanu,21.4447,-157.8378,68.0,83,90,18.41,US,2021-03-05 15:39:16,light rain
448,Kinshasa,-4.3246,15.3215,93.2,55,20,10.36,CD,2021-03-05 15:36:16,light rain
449,Melnikovo,56.5558,84.085,26.01,91,100,10.0,RU,2021-03-05 15:39:17,overcast clouds
450,Evensk,61.95,159.2333,-22.22,73,100,5.68,RU,2021-03-05 15:39:17,overcast clouds
451,Poso,-1.3959,120.7524,78.01,81,100,6.62,ID,2021-03-05 15:39:17,overcast clouds
452,Mayor Pablo Lagerenza,-19.9309,-60.7718,73.83,86,100,7.2,PY,2021-03-05 15:39:18,overcast clouds
453,Sechura,-5.5569,-80.8222,80.98,60,91,2.86,PE,2021-03-05 15:39:18,overcast clouds
454,Ankang,32.68,109.0172,56.5,55,99,15.35,CN,2021-03-05 15:39:18,overcast clouds
455,Arica,-18.475,-70.3042,78.8,53,0,9.22,CL,2021-03-05 15:39:19,clear sky
456,Pangkalanbuun,-2.6833,111.6167,75.49,90,95,1.19,ID,2021-03-05 15:39:19,light rain
457,Plesetsk,62.708,40.2916,4.87,95,99,3.78,RU,2021-03-05 15:39:20,overcast clouds
458,Havelock,34.8791,-76.9013,45.0,33,1,12.66,US,2021-03-05 15:36:31,clear sky
459,Khalkhal,37.6189,48.5258,31.53,97,100,1.99,IR,2021-03-05 15:39:20,light snow
460,Clyde River,70.4692,-68.5914,-18.4,69,1,17.27,CA,2021-03-05 15:39:20,clear sky
461,Shelburne,44.0787,-80.2041,24.01,64,1,18.3,CA,2021-03-05 15:39:21,clear sky
462,Ust-Nera,64.5667,143.2,-29.52,74,100,7.02,RU,2021-03-05 15:39:21,overcast clouds
463,Neiafu,-18.65,-173.9833,71.6,100,75,2.91,TO,2021-03-05 15:39:21,broken clouds
464,Zaltan,32.947,11.8665,67.91,37,0,13.96,LY,2021-03-05 15:39:22,clear sky
465,Batagay-Alyta,67.8006,130.4114,-26.52,72,0,3.13,RU,2021-03-05 15:39:22,clear sky
466,Tarko-Sale,64.9225,77.785,12.45,97,97,4.5,RU,2021-03-05 15:39:22,overcast clouds
467,Luau,-10.7073,22.2247,73.26,89,94,2.64,AO,2021-03-05 15:39:23,light rain
468,Goderich,43.7501,-81.7165,26.6,74,100,20.71,CA,2021-03-05 15:39:23,light snow
469,Nishihara,26.1842,127.7558,64.4,67,40,3.44,JP,2021-03-05 15:39:23,scattered clouds
470,Dyatkovo,53.5978,34.3382,30.2,64,75,6.71,RU,2021-03-05 15:37:25,light snow
471,Itarema,-2.9248,-39.9167,85.26,68,61,14.29,BR,2021-03-05 15:39:24,heavy intensity rain
472,Ambilobe,-13.2,49.05,76.35,92,81,2.62,MG,2021-03-05 15:39:24,broken clouds
473,Werda,-25.2667,23.2833,87.73,23,55,5.21,BW,2021-03-05 15:39:24,broken clouds
474,Tainan,22.9908,120.2133,69.01,77,75,2.3,TW,2021-03-05 15:39:25,mist
475,Teacapan,22.55,-105.75,74.77,45,100,1.34,MX,2021-03-05 15:39:25,overcast clouds
476,Ixtapa,20.7,-105.2,64.4,77,1,4.61,MX,2021-03-05 15:39:25,clear sky
477,Pangai,-19.8,-174.35,80.01,78,99,5.1,TO,2021-03-05 15:39:26,overcast clouds
478,Labuhan,-6.8844,112.2051,79.5,82,100,5.77,ID,2021-03-05 15:39:26,overcast clouds
479,Lentekhi,42.7856,42.7261,33.19,83,27,3.71,GE,2021-03-05 15:39:26,scattered clouds
480,Mecca,21.4267,39.8261,78.73,38,0,10.09,SA,2021-03-05 15:39:27,clear sky
481,Chokwe,-24.5333,32.9833,79.03,75,0,11.01,MZ,2021-03-05 15:39:27,clear sky
482,Kurchum,48.5722,83.6542,17.89,97,80,5.82,KZ,2021-03-05 15:39:27,broken clouds
483,Ovre Ardal,61.3167,7.8,32.0,80,75,11.5,NO,2021-03-05 15:39:27,light snow
484,Manzhouli,49.6,117.4333,-12.86,79,0,4.34,CN,2021-03-05 15:39:28,clear sky
485,Numaligarh,26.6333,93.75,69.08,49,53,6.6,IN,2021-03-05 15:39:28,broken clouds
486,Bosaso,11.2842,49.1816,80.6,78,20,8.05,SO,2021-03-05 15:39:28,few clouds
487,Bassar,9.25,0.7833,98.6,34,75,3.76,TG,2021-03-05 15:39:28,broken clouds
488,Karatuzskoye,53.6072,92.8667,25.41,95,90,9.62,RU,2021-03-05 15:39:29,overcast clouds
489,Elhovo,42.1667,26.5667,66.2,27,20,6.91,BG,2021-03-05 15:39:29,few clouds
490,Dumai,1.6833,101.45,77.38,80,96,3.09,ID,2021-03-05 15:35:22,overcast clouds
491,Harman,45.7167,25.6833,30.99,86,89,38.99,RO,2021-03-05 15:39:30,overcast clouds
492,Rieti,42.4072,12.8592,55.4,50,0,4.61,IT,2021-03-05 15:39:30,clear sky
493,Orange Cove,36.6244,-119.3137,42.8,93,1,3.44,US,2021-03-05 15:39:30,clear sky
494,Coquimbo,-29.9533,-71.3436,64.4,82,90,4.61,CL,2021-03-05 15:39:30,overcast clouds
495,Lashio,22.9333,97.75,60.03,34,0,2.59,MM,2021-03-05 15:39:31,clear sky
496,Adrar,20.5022,-10.0711,90.32,10,0,5.32,MR,2021-03-05 15:39:31,clear sky
497,Zhigansk,66.7697,123.3711,-36.0,83,1,4.0,RU,2021-03-05 15:39:32,clear sky
498,Paamiut,61.994,-49.6678,31.89,98,99,5.59,GL,2021-03-05 15:39:32,overcast clouds
499,Nelson Bay,-32.7167,152.15,68.0,88,90,12.66,AU,2021-03-05 15:39:32,overcast clouds
500,Russell,32.3502,-85.1999,62.01,54,1,4.61,US,2021-03-05 15:39:33,clear sky
501,Morondava,-20.2833,44.2833,78.08,83,100,13.15,MG,2021-03-05 15:39:33,overcast clouds
502,Penarroya-Pueblonuevo,38.3,-5.2667,57.2,77,20,13.8,ES,2021-03-05 15:39:33,few clouds
503,Andra,62.5147,65.8878,4.82,95,69,2.33,RU,2021-03-05 15:39:34,broken clouds
504,Broome,42.2506,-75.833,23.0,49,1,17.27,US,2021-03-05 15:39:34,clear sky
505,Lae,-6.7221,146.9847,76.26,87,100,12.08,PG,2021-03-05 15:39:34,overcast clouds
506,Atherton,53.5237,-2.4935,45.0,50,78,1.99,GB,2021-03-05 15:39:35,broken clouds
507,Gamba,-2.65,10.0,81.88,81,95,10.18,GA,2021-03-05 15:39:35,overcast clouds
508,Anadyr,64.75,177.4833,-11.2,77,75,6.71,RU,2021-03-05 15:39:36,light snow
509,Manali,13.1667,80.2667,80.6,69,20,6.91,IN,2021-03-05 15:39:36,few clouds
510,Puerto Baquerizo Moreno,-0.9,-89.6,82.4,89,20,5.75,EC,2021-03-05 15:39:36,few clouds
511,Port-Cartier,50.0334,-66.8654,24.01,58,90,13.8,CA,2021-03-05 15:39:36,overcast clouds
512,Dutse,11.7594,9.3392,97.38,9,0,9.69,NG,2021-03-05 15:39:37,clear sky
513,Nyurba,63.2842,118.3319,-19.25,87,20,4.09,RU,2021-03-05 15:39:37,few clouds
514,Inongo,-1.95,18.2667,85.62,59,0,0.76,CD,2021-03-05 15:39:38,clear sky
515,Skibbereen,51.55,-9.2667,42.8,70,75,13.8,IE,2021-03-05 15:39:38,broken clouds
516,Huilong,31.8111,121.655,52.0,89,100,4.0,CN,2021-03-05 15:39:39,overcast clouds
517,Talcahuano,-36.7167,-73.1167,57.2,94,90,17.27,CL,2021-03-05 15:39:39,light intensity drizzle
518,Muros,42.7762,-9.0603,69.01,46,0,10.0,ES,2021-03-05 15:39:40,clear sky
519,Betioky,-23.7167,44.3833,76.77,81,44,6.38,MG,2021-03-05 15:39:40,light rain
520,Jibuti,11.5,42.5,76.14,51,91,13.04,DJ,2021-03-05 15:39:40,overcast clouds
521,Newton,42.337,-71.2092,28.99,30,100,17.27,US,2021-03-05 15:35:32,overcast clouds
522,Yumen,40.2833,97.2,36.75,66,0,4.92,CN,2021-03-05 15:39:41,clear sky
523,Khandyga,62.6667,135.6,-36.15,83,99,2.93,RU,2021-03-05 15:39:41,overcast clouds
524,Kautokeino,69.0125,23.0412,14.9,92,100,10.92,NO,2021-03-05 15:39:42,overcast clouds
525,Vardo,70.3705,31.1107,12.2,79,20,14.97,NO,2021-03-05 15:39:42,light snow
526,Pevek,69.7008,170.3133,-9.87,86,100,6.89,RU,2021-03-05 15:39:43,overcast clouds
527,Sakakah,29.9697,40.2064,66.2,24,0,5.75,SA,2021-03-05 15:39:43,clear sky
528,Maningrida,-12.0667,134.2667,79.36,87,71,7.96,AU,2021-03-05 15:39:44,broken clouds
529,Novichikha,52.204,81.3877,22.3,92,86,19.89,RU,2021-03-05 15:39:44,overcast clouds
530,Vao,-22.6667,167.4833,74.3,93,100,19.71,NC,2021-03-05 15:39:44,overcast clouds
531,Krasnogorskoye,52.2953,86.1979,20.93,93,86,3.24,RU,2021-03-05 15:39:45,overcast clouds
532,Kristiinankaupunki,62.2743,21.376,24.03,92,0,5.37,FI,2021-03-05 15:39:45,clear sky
533,Campbell River,50.0163,-125.2446,45.0,100,90,11.5,CA,2021-03-05 15:38:10,mist
534,Mitsamiouli,-11.3847,43.2844,84.2,79,75,11.5,KM,2021-03-05 15:39:46,light rain
535,Arroyo,41.6096,-4.7969,59.0,47,0,14.97,ES,2021-03-05 15:39:46,clear sky
536,Krasnoselkup,65.7,82.4667,13.41,96,100,8.5,RU,2021-03-05 15:39:46,overcast clouds
537,Casablanca,33.5928,-7.6192,60.8,82,75,6.91,MA,2021-03-05 15:38:24,broken clouds
538,Muisne,0.6,-80.0333,78.8,100,90,2.3,EC,2021-03-05 15:39:47,moderate rain
539,Camocim,-2.9022,-40.8411,84.83,74,60,7.87,BR,2021-03-05 15:39:47,heavy intensity rain
540,Mizdah,31.4451,12.9801,73.53,19,0,15.93,LY,2021-03-05 15:39:48,clear sky
541,Cravo Norte,6.3017,-70.2041,95.86,36,5,10.8,CO,2021-03-05 15:39:48,clear sky
542,Moindou,-21.6924,165.677,73.4,100,75,3.44,NC,2021-03-05 15:39:48,broken clouds
543,Surt,31.2089,16.5887,70.93,30,23,12.1,LY,2021-03-05 15:39:48,few clouds
544,Georgiyevka,43.0369,74.7114,33.8,80,0,4.47,KZ,2021-03-05 15:39:49,clear sky
545,Tall Kayf,37.0833,41.0667,57.2,67,1,9.22,TR,2021-03-05 15:39:49,clear sky
546,Polazna,58.2946,56.4055,14.0,67,40,8.95,RU,2021-03-05 15:39:49,scattered clouds
547,Lubango,-14.9172,13.4925,74.52,45,82,3.11,AO,2021-03-05 15:39:50,broken clouds
548,Moron,-34.6534,-58.6198,78.01,60,75,10.36,AR,2021-03-05 15:39:50,broken clouds
549,Venado Tuerto,-33.7456,-61.9688,80.01,37,4,8.01,AR,2021-03-05 15:39:50,clear sky
550,Richards Bay,-28.783,32.0377,75.07,89,75,10.09,ZA,2021-03-05 15:39:50,light rain
551,Ibra,22.6906,58.5334,80.01,25,0,12.37,OM,2021-03-05 15:39:50,clear sky
552,Pokhara,28.2333,83.9833,61.29,31,8,7.07,NP,2021-03-05 15:39:02,clear sky
553,Kapuskasing,49.4169,-82.4331,8.6,61,42,19.57,CA,2021-03-05 15:39:18,scattered clouds
554,Price,39.5994,-110.8107,33.8,51,1,2.42,US,2021-03-05 15:39:51,clear sky
555,Gardabani,41.4605,45.0928,51.8,22,0,28.77,GE,2021-03-05 15:39:51,clear sky
556,San Jose,37.3394,-121.895,45.0,76,40,2.62,US,2021-03-05 15:35:15,scattered clouds
557,Mwingi,-0.9344,38.0601,77.27,49,60,5.12,KE,2021-03-05 15:39:52,broken clouds
558,Kaseda,31.4167,130.3167,59.59,84,100,8.7,JP,2021-03-05 15:39:52,overcast clouds
559,Karratha,-20.7377,116.8463,81.01,68,0,11.83,AU,2021-03-05 15:39:52,clear sky
560,Koumac,-20.5667,164.2833,80.26,82,98,20.09,NC,2021-03-05 15:39:53,overcast clouds
561,Iida,35.5197,137.8207,46.0,100,100,2.13,JP,2021-03-05 15:39:53,overcast clouds
562,Buala,-8.145,159.5921,80.33,84,95,8.72,SB,2021-03-05 15:39:53,overcast clouds
563,Ouadda,8.0777,22.4007,94.35,13,1,5.28,CF,2021-03-05 15:39:53,clear sky
564,Maumere,-8.6199,122.2111,79.74,75,20,1.48,ID,2021-03-05 15:39:54,few clouds
565,Baragua,21.6967,-78.6328,80.42,48,32,6.78,CU,2021-03-05 15:39:54,scattered clouds
566,Dukat,62.55,155.55,-25.71,84,100,13.96,RU,2021-03-05 15:39:54,overcast clouds
567,Tibati,6.4667,12.6333,97.32,13,45,7.94,CM,2021-03-05 15:39:55,scattered clouds
568,Arlit,18.7369,7.3853,92.73,10,100,2.64,NE,2021-03-05 15:39:55,overcast clouds
569,Bonfim,3.0833,-59.95,90.66,45,67,7.07,BR,2021-03-05 15:39:55,broken clouds
570,Guanare,9.0418,-69.7421,93.92,36,8,5.91,VE,2021-03-05 15:39:56,clear sky
571,Bac Lieu,9.285,105.7244,76.86,84,0,11.36,VN,2021-03-05 15:39:56,clear sky
572,Atasu,48.6814,71.6433,13.87,96,86,11.43,KZ,2021-03-05 15:39:56,overcast clouds
573,Grand-Lahou,5.1367,-5.0242,84.29,72,81,12.75,CI,2021-03-05 15:39:57,broken clouds
574,Iisalmi,63.5592,27.1907,21.2,63,0,10.36,FI,2021-03-05 15:39:57,clear sky
575,Rochester,43.1548,-77.6156,26.01,46,20,16.11,US,2021-03-05 15:37:13,few clouds
576,Saint-Joseph,-21.3667,55.6167,82.4,69,75,9.22,RE,2021-03-05 15:39:57,broken clouds
577,Tharad,24.3961,71.6267,79.75,24,0,7.81,IN,2021-03-05 15:39:58,clear sky
578,Savannah Bight,16.45,-85.85,82.0,73,20,8.93,HN,2021-03-05 15:39:58,few clouds
579,Abnub,27.2696,31.1511,69.8,37,0,13.8,EG,2021-03-05 15:39:58,clear sky
580,Conde,-7.2597,-34.9075,87.8,66,40,16.11,BR,2021-03-05 15:39:59,scattered clouds
581,Sembe,1.6481,14.5806,89.71,39,89,2.55,CG,2021-03-05 15:39:59,overcast clouds
582,San Roque,36.2107,-5.3842,60.8,77,20,10.36,ES,2021-03-05 15:39:59,few clouds
583,Durusu,41.3053,28.6767,59.0,38,0,3.44,TR,2021-03-05 15:39:59,clear sky
584,Kristianstad,56.0313,14.1524,39.99,45,0,8.05,SE,2021-03-05 15:40:00,clear sky
585,Lodeynoye Pole,60.726,33.5531,14.09,95,77,3.49,RU,2021-03-05 15:40:00,broken clouds
586,Rio Gallegos,-51.6226,-69.2181,66.2,32,0,3.44,AR,2021-03-05 15:40:00,clear sky
587,Westport,41.1415,-73.3579,30.99,27,1,13.8,US,2021-03-05 15:40:01,clear sky
588,Gao,16.6362,1.637,97.27,9,0,5.08,ML,2021-03-05 15:40:03,clear sky
589,Sinyavskoye,47.277,39.2789,44.01,81,40,15.66,RU,2021-03-05 15:40:03,scattered clouds
590,Mogzon,51.7435,111.9606,-6.54,89,40,2.48,RU,2021-03-05 15:40:03,scattered clouds
591,Portland,45.5234,-122.6762,45.0,87,90,8.05,US,2021-03-05 15:36:44,light rain
592,Salamiyah,35.0113,37.0532,51.44,75,0,13.78,SY,2021-03-05 15:40:04,clear sky
593,Sinnar,13.5691,33.5672,91.8,14,0,12.84,SD,2021-03-05 15:40:04,clear sky
594,Jambi,-1.6,103.6167,74.68,96,45,2.04,ID,2021-03-05 15:40:04,scattered clouds
595,Steinbach,50.1667,8.5667,43.0,49,20,14.97,DE,2021-03-05 15:40:05,few clouds
596,Sorong,-0.8833,131.25,80.19,81,100,8.95,ID,2021-03-05 15:40:05,light rain
597,Sao Joao Batista,-27.2761,-48.8494,88.0,61,98,4.0,BR,2021-03-05 15:40:05,overcast clouds
598,Dunedin,-45.8742,170.5036,55.99,78,99,5.99,NZ,2021-03-05 15:40:06,overcast clouds
599,Norrkoping,58.5942,16.1826,35.6,41,16,9.22,SE,2021-03-05 15:38:09,few clouds
600,Capitan Bado,-23.2667,-55.5333,79.56,71,28,10.0,PY,2021-03-05 15:40:06,scattered clouds
601,Talara,-4.5772,-81.2719,82.4,65,40,4.61,PE,2021-03-05 15:40:07,scattered clouds
602,Ler,8.3018,30.1418,92.48,12,42,4.12,SS,2021-03-05 15:40:07,scattered clouds
603,Kavieng,-2.5744,150.7967,82.56,77,100,8.3,PG,2021-03-05 15:40:07,overcast clouds
604,Nokaneng,-19.6667,22.2667,80.33,45,79,5.84,BW,2021-03-05 15:40:08,broken clouds
605,Lorengau,-2.0226,147.2712,81.73,80,78,11.41,PG,2021-03-05 15:40:08,broken clouds
606,Kamenka,51.3223,42.7678,33.01,89,97,5.77,RU,2021-03-05 15:40:08,overcast clouds
607,Imeni Poliny Osipenko,52.4201,136.4853,-20.52,83,54,0.87,RU,2021-03-05 15:40:08,broken clouds
608,Panjab,34.388,67.0233,25.7,80,81,1.5,AF,2021-03-05 15:40:09,broken clouds
609,Mayo,38.8876,-76.5119,36.0,37,1,13.8,US,2021-03-05 15:40:09,clear sky
610,Tucuma,-0.1833,-50.05,83.41,75,83,6.96,BR,2021-03-05 15:40:09,moderate rain
611,Beloha,-25.1667,45.05,76.87,81,14,9.33,MG,2021-03-05 15:40:10,light rain
612,Kudahuvadhoo,2.6708,72.8944,83.43,70,1,9.22,MV,2021-03-05 15:40:10,clear sky
613,Port Augusta,-32.5,137.7667,66.2,77,48,9.22,AU,2021-03-05 15:40:10,scattered clouds
614,Jaguaruna,-28.615,-49.0256,83.95,56,2,7.58,BR,2021-03-05 15:40:10,light rain
615,Broken Hill,-31.95,141.4333,69.8,37,0,9.22,AU,2021-03-05 15:40:11,clear sky
616,Qaqortoq,60.7167,-46.0333,33.8,86,75,3.74,GL,2021-03-05 15:40:11,broken clouds
617,Taoudenni,22.6783,-3.9836,88.3,11,0,7.83,ML,2021-03-05 15:40:11,clear sky
618,Kavaratti,10.5669,72.642,83.19,57,2,3.33,IN,2021-03-05 15:40:11,clear sky
619,Albox,37.3886,-2.1495,48.99,76,100,1.99,ES,2021-03-05 15:40:12,overcast clouds
620,Loukhi,66.0764,33.0381,13.6,96,15,5.28,RU,2021-03-05 15:40:12,few clouds
621,Penhold,52.1334,-113.8687,39.0,74,20,5.75,CA,2021-03-05 15:39:07,few clouds
622,Syracuse,37.0881,15.2792,59.0,72,75,8.05,IT,2021-03-05 15:40:12,broken clouds
623,The Pas,53.8251,-101.2541,19.4,79,75,11.5,CA,2021-03-05 15:40:12,broken clouds
624,Naze,28.3667,129.4833,61.12,78,39,9.62,JP,2021-03-05 15:40:13,scattered clouds
625,Toktogul,41.8708,72.9402,35.37,75,50,3.58,KG,2021-03-05 15:40:13,scattered clouds
626,Piacabucu,-10.4056,-36.4344,84.83,61,46,10.29,BR,2021-03-05 15:40:14,scattered clouds
627,San Cristobal,7.7669,-72.225,78.8,69,40,6.91,VE,2021-03-05 15:40:14,fog
628,Ingham,42.6,-84.3833,30.2,64,75,10.36,US,2021-03-05 15:40:14,broken clouds
629,Nkowakowa,-23.8878,30.2871,80.6,28,0,9.22,ZA,2021-03-05 15:40:14,clear sky
630,Buchanan,5.8808,-10.0467,82.4,83,75,4.61,LR,2021-03-05 15:40:15,light rain
631,Kupang,-10.1667,123.5833,79.0,81,4,3.94,ID,2021-03-05 15:40:15,clear sky
632,Kyren,51.6828,102.1408,15.71,80,48,4.27,RU,2021-03-05 15:40:16,scattered clouds
633,Laem Sing,12.4816,102.0738,82.99,99,14,5.48,TH,2021-03-05 15:40:16,few clouds
634,Kargasok,59.0556,80.8572,21.29,96,98,10.94,RU,2021-03-05 15:40:16,overcast clouds
635,Keti Bandar,24.1447,67.4497,76.03,76,0,11.92,PK,2021-03-05 15:40:17,clear sky
636,Sabya,17.1495,42.6254,84.2,70,0,11.5,SA,2021-03-05 15:40:17,clear sky
637,Salinopolis,-0.6136,-47.3561,82.38,77,98,8.52,BR,2021-03-05 15:40:18,overcast clouds
638,Carleton Place,45.1334,-76.1494,19.0,45,9,3.0,CA,2021-03-05 15:40:18,clear sky
639,Alyangula,-13.8483,136.4192,84.2,74,40,3.44,AU,2021-03-05 15:40:18,scattered clouds
640,Potosi,-19.5836,-65.7531,37.67,93,100,5.95,BO,2021-03-05 15:40:18,overcast clouds
641,Lerwick,60.1545,-1.1494,41.0,70,20,17.27,GB,2021-03-05 15:40:19,few clouds
642,Jerez,14.1,-89.75,80.6,39,0,3.44,GT,2021-03-05 15:40:19,clear sky
643,Fare,-16.7,-151.0167,82.83,71,100,2.21,PF,2021-03-05 15:40:20,moderate rain
644,Onokhoy,51.932,108.0747,-5.8,65,92,4.47,RU,2021-03-05 15:40:20,overcast clouds
645,Kaeo,-35.1,173.7833,57.0,92,17,4.0,NZ,2021-03-05 15:40:20,few clouds
646,Iqaluit,63.7506,-68.5145,3.2,78,75,29.93,CA,2021-03-05 15:40:20,snow
647,San Rafael,-34.6177,-68.3301,80.98,44,0,5.28,AR,2021-03-05 15:40:21,clear sky
648,Elizabeth City,36.2946,-76.2511,41.0,30,1,16.11,US,2021-03-05 15:40:21,clear sky
649,Guia De Isora,28.2115,-16.7795,73.99,64,75,9.22,ES,2021-03-05 15:40:22,broken clouds
650,Zyryanka,65.75,150.85,-13.25,86,100,30.29,RU,2021-03-05 15:40:22,overcast clouds
651,Oxford,51.7522,-1.256,42.01,60,75,12.66,GB,2021-03-05 15:40:00,broken clouds
652,Colares,38.7992,-9.4469,60.01,67,40,16.11,PT,2021-03-05 15:40:22,scattered clouds
653,Vitim,59.4511,112.5578,-6.61,84,98,4.0,RU,2021-03-05 15:40:23,overcast clouds
654,Luwuk,-0.9516,122.7875,78.28,76,100,6.49,ID,2021-03-05 15:40:23,light rain
655,Kochubey,44.3861,46.5825,42.53,73,0,5.84,RU,2021-03-05 15:40:23,clear sky
656,Ribas Do Rio Pardo,-20.4431,-53.7592,82.18,72,93,11.56,BR,2021-03-05 15:40:24,overcast clouds
657,Idah,7.1065,6.7342,105.22,16,21,3.44,NG,2021-03-05 15:40:24,few clouds
658,Zhuanghe,39.7008,122.9911,24.01,47,10,5.99,CN,2021-03-05 15:40:24,clear sky
659,Helena,46.5927,-112.0361,37.0,80,1,4.61,US,2021-03-05 15:37:30,clear sky
660,Luena,-11.7833,19.9167,77.0,78,40,1.9,AO,2021-03-05 15:40:25,light rain
661,Marsa Matruh,31.3525,27.2453,61.38,61,44,7.92,EG,2021-03-05 15:40:25,scattered clouds
662,Sarankhola,22.3082,89.7897,72.23,84,49,7.76,BD,2021-03-05 15:40:25,scattered clouds
663,Peleduy,59.6289,112.7406,-6.52,84,91,3.27,RU,2021-03-05 15:40:25,overcast clouds
664,Straseni,47.1414,28.6103,51.8,58,0,4.61,MD,2021-03-05 15:40:26,clear sky
665,Petropavlovsk-Kamchatskiy,53.0452,158.6483,26.6,100,75,4.47,RU,2021-03-05 15:40:26,broken clouds
666,Tocopilla,-22.092,-70.1979,74.59,61,3,4.36,CL,2021-03-05 15:40:26,clear sky
667,Takanosu,40.2219,140.3694,39.27,91,95,1.48,JP,2021-03-05 15:40:27,overcast clouds
668,Menfi,37.6066,12.9678,52.0,92,100,1.99,IT,2021-03-05 15:40:27,overcast clouds
669,Vanavara,60.34,102.2797,13.64,96,100,6.44,RU,2021-03-05 15:40:27,overcast clouds
670,Ponta Delgada,37.7333,-25.6667,60.8,72,20,14.97,PT,2021-03-05 15:36:35,few clouds
671,Sagua La Grande,22.8067,-80.0756,75.2,57,20,5.75,CU,2021-03-05 15:40:28,light rain
672,Jiangyou,31.7667,104.7167,56.43,60,100,2.1,CN,2021-03-05 15:40:28,light rain
673,Moree,-29.4667,149.85,62.6,59,0,4.61,AU,2021-03-05 15:40:28,clear sky
674,Fort Nelson,58.8053,-122.7002,-2.2,84,75,2.3,CA,2021-03-05 15:40:00,broken clouds
675,Liku,-0.7275,119.8922,74.55,85,100,2.57,ID,2021-03-05 15:40:28,light rain
676,Zaragoza,41.6561,-0.8773,68.0,51,40,5.75,ES,2021-03-05 15:37:21,scattered clouds
677,Diffa,13.3154,12.6113,91.26,11,0,14.05,NE,2021-03-05 15:40:29,clear sky
678,Epe,6.5841,3.9834,88.65,61,79,9.93,NG,2021-03-05 15:40:29,broken clouds
679,Gurupi,-11.7292,-49.0686,86.38,63,65,4.32,BR,2021-03-05 15:40:30,broken clouds
680,Bilma,18.6853,12.9164,88.43,10,0,9.62,NE,2021-03-05 15:40:30,clear sky
681,Florianopolis,-27.6146,-48.5012,89.01,74,40,8.05,BR,2021-03-05 15:40:30,scattered clouds
682,Parrita,9.5201,-84.3225,78.01,60,20,19.57,CR,2021-03-05 15:40:31,few clouds
683,Hualmay,-11.0964,-77.6139,77.58,64,95,7.67,PE,2021-03-05 15:40:31,overcast clouds
684,Rome,34.257,-85.1647,55.0,32,1,8.05,US,2021-03-05 15:40:31,clear sky
685,Dauriya,49.9333,116.8667,-16.08,82,0,3.71,RU,2021-03-05 15:40:32,clear sky
