City_ID,City,Lat,Lng,Max Temp,Humidity,Cloudiness,Wind Speed,Country,Date
0,Avarua,-21.2078,-159.775,80.6,83,100,6.91,CK,2021-03-04 21:51:25
1,Jamestown,42.097,-79.2353,26.01,88,90,13.11,US,2021-03-04 21:48:23
2,Nikolskoye,59.7035,30.7861,26.6,68,0,13.42,RU,2021-03-04 21:51:10
3,Hudiksvall,61.729,17.1036,21.0,78,76,9.51,SE,2021-03-04 21:46:53
4,Guadalajara,20.6667,-103.3333,86.0,11,1,4.59,MX,2021-03-04 21:47:28
5,Vaini,-21.2,-175.2,82.4,78,75,5.75,TO,2021-03-04 21:51:11
6,Takoradi,4.8845,-1.7554,80.11,87,57,10.6,GH,2021-03-04 21:47:56
7,Hilo,19.7297,-155.09,77.0,57,1,9.22,US,2021-03-04 21:51:48
8,Litovko,49.2361,135.1742,19.09,98,80,4.72,RU,2021-03-04 21:51:49
9,Albany,42.6001,-73.9662,30.99,35,3,4.0,US,2021-03-04 21:47:23
10,Gomel,52.4345,30.9754,32.0,93,75,11.18,BY,2021-03-04 21:48:02
11,Puerto Ayora,-0.7393,-90.3518,84.2,79,40,6.91,EC,2021-03-04 21:47:19
12,Bukama,-9.2,25.85,69.93,87,86,1.25,CD,2021-03-04 21:51:50
13,Cape Town,-33.9258,18.4232,66.99,72,0,11.5,ZA,2021-03-04 21:46:51
14,Mataura,-46.1927,168.8643,59.0,70,100,5.99,NZ,2021-03-04 21:51:17
15,Mindelo,16.8901,-24.9804,69.8,68,75,27.63,CV,2021-03-04 21:51:50
16,Victoria,22.2855,114.1577,68.0,91,99,11.65,HK,2021-03-04 21:47:18
17,North Bend,43.4065,-124.2243,53.6,71,90,10.36,US,2021-03-04 21:51:36
18,Port Elizabeth,-33.918,25.5701,68.0,94,75,14.97,ZA,2021-03-04 21:40:55
19,Rikitea,-23.1203,-134.9692,80.22,77,58,4.09,PF,2021-03-04 21:51:08
20,Fortuna,40.5982,-124.1573,62.01,50,41,4.0,US,2021-03-04 21:46:14
21,Sulphur,30.2366,-93.3774,71.6,30,1,4.92,US,2021-03-04 21:49:05
22,Uni,57.7535,51.4923,18.82,96,100,19.77,RU,2021-03-04 21:51:52
23,Nola,40.922,14.5329,48.0,76,0,3.44,IT,2021-03-04 21:51:52
24,Mar Del Plata,-38.0023,-57.5575,73.4,83,75,5.75,AR,2021-03-04 21:51:52
25,Leicester,52.6386,-1.1317,39.99,75,90,4.0,GB,2021-03-04 21:51:53
26,Laguna,38.421,-121.4238,66.0,51,1,6.91,US,2021-03-04 21:51:53
27,Ulaanbaatar,47.9077,106.8832,-11.2,70,0,2.24,MN,2021-03-04 21:51:53
28,Khatanga,71.9667,102.5,-26.66,77,0,12.08,RU,2021-03-04 21:51:19
29,Suslovo,56.2167,88.1167,21.22,93,100,13.11,RU,2021-03-04 21:51:54
30,Tasiilaq,65.6145,-37.6368,33.8,93,90,1.14,GL,2021-03-04 21:51:06
31,Bredasdorp,-34.5322,20.0403,59.0,100,32,2.3,ZA,2021-03-04 21:51:36
32,Longyearbyen,78.2186,15.6401,1.4,71,20,13.8,SJ,2021-03-04 21:44:26
33,Severo-Yeniseyskiy,60.3725,93.0408,10.09,95,100,6.22,RU,2021-03-04 21:47:19
34,Ushuaia,-54.8,-68.3,60.8,36,40,6.91,AR,2021-03-04 21:51:13
35,Arinos,-15.9169,-46.1056,73.24,72,66,2.8,BR,2021-03-04 21:51:55
36,Kuala Lipis,4.1842,102.0468,71.53,97,35,0.74,MY,2021-03-04 21:51:55
37,Bosobolo,4.1833,19.9,79.56,24,68,1.34,CD,2021-03-04 21:51:55
38,Lorengau,-2.0226,147.2712,82.58,79,99,9.28,PG,2021-03-04 21:49:24
39,Sola,-13.8833,167.55,80.6,83,90,11.5,VU,2021-03-04 21:51:56
40,Bathsheba,13.2167,-59.5167,80.6,65,75,20.71,BB,2021-03-04 21:46:20
41,Barrow,71.2906,-156.7887,-25.6,68,1,18.52,US,2021-03-04 21:49:44
42,Yellowknife,62.456,-114.3525,-2.99,71,90,16.11,CA,2021-03-04 21:51:57
43,Kapaa,22.0752,-159.319,73.4,68,20,18.41,US,2021-03-04 21:51:12
44,Castro,-24.7911,-50.0119,64.17,95,100,7.36,BR,2021-03-04 21:51:18
45,Hirara,24.8,125.2833,68.0,88,75,6.91,JP,2021-03-04 21:46:18
46,Bluff,-46.6,168.3333,59.0,70,100,5.99,NZ,2021-03-04 21:51:10
47,Blythe,33.6103,-114.5964,69.8,24,1,4.61,US,2021-03-04 21:51:58
48,Hobart,-42.8794,147.3294,55.0,58,75,12.66,AU,2021-03-04 21:49:29
49,East London,-33.0153,27.9116,72.72,79,70,6.71,ZA,2021-03-04 21:51:28
50,San Patricio,28.017,-97.5169,73.4,56,75,12.66,US,2021-03-04 21:46:27
51,Hobyo,5.3505,48.5268,77.76,79,100,17.72,SO,2021-03-04 21:46:17
52,San Quintin,30.4833,-115.95,61.66,63,100,12.82,MX,2021-03-04 21:48:21
53,Puerto Escondido,15.85,-97.0667,86.0,74,1,9.22,MX,2021-03-04 21:46:07
54,Meadow Lake,34.8014,-106.5436,59.0,26,75,26.46,US,2021-03-04 21:51:59
55,Pacific Grove,36.6177,-121.9166,59.0,63,75,9.22,US,2021-03-04 21:44:23
56,Maningrida,-12.0667,134.2667,75.33,81,97,8.3,AU,2021-03-04 21:52:00
57,Bambous Virieux,-20.3428,57.7575,75.99,88,20,5.75,MU,2021-03-04 21:51:33
58,Shimoda,34.6667,138.95,45.0,89,99,6.35,JP,2021-03-04 21:51:40
59,Whitehorse,60.7161,-135.0538,24.01,68,40,1.34,CA,2021-03-04 21:51:27
60,Hithadhoo,-0.6,73.0833,83.01,67,45,8.86,MV,2021-03-04 21:51:33
61,Katsuura,35.1333,140.3,51.01,81,75,5.75,JP,2021-03-04 21:52:01
62,Chokurdakh,70.6333,147.9167,-9.92,90,100,22.82,RU,2021-03-04 21:45:42
63,Port Augusta,-32.5,137.7667,63.0,94,0,6.91,AU,2021-03-04 21:47:59
64,Olinda,-8.0089,-34.8553,80.6,65,40,16.11,BR,2021-03-04 21:45:37
65,Saint George,37.1041,-113.5841,64.0,38,1,8.05,US,2021-03-04 21:46:23
66,Saint-Philippe,-21.3585,55.7679,77.0,78,20,5.75,RE,2021-03-04 21:51:42
67,Kodiak,57.79,-152.4072,35.6,48,1,3.44,US,2021-03-04 21:47:55
68,Cayenne,4.9333,-52.3333,80.6,83,75,11.5,GF,2021-03-04 21:52:02
69,Peace River,56.2501,-117.286,33.8,64,90,8.05,CA,2021-03-04 21:52:03
70,Georgetown,5.4112,100.3354,80.6,94,20,5.7,MY,2021-03-04 21:51:22
71,Umm Lajj,25.0213,37.2685,65.1,44,0,11.86,SA,2021-03-04 21:52:03
72,Coro,11.4045,-69.6734,80.04,70,0,21.25,VE,2021-03-04 21:52:04
73,Belyy Yar,53.6039,91.3903,5.0,85,95,1.81,RU,2021-03-04 21:48:35
74,Huacho,-11.1067,-77.605,76.5,69,68,7.02,PE,2021-03-04 21:52:04
75,Tiksi,71.6872,128.8694,-22.79,87,98,5.44,RU,2021-03-04 21:52:05
76,Oboyan,51.2098,36.2792,39.2,81,0,11.18,RU,2021-03-04 21:52:05
77,Hagere Hiywet,8.9833,37.85,60.82,39,21,6.06,ET,2021-03-04 21:52:05
78,Carnarvon,-24.8667,113.6333,68.0,100,8,5.75,AU,2021-03-04 21:47:01
79,Busselton,-33.65,115.3333,66.99,99,89,7.67,AU,2021-03-04 21:51:22
80,Kaitangata,-46.2817,169.8464,59.94,52,100,7.96,NZ,2021-03-04 21:52:06
81,Ucluelet,48.9329,-125.5528,46.0,93,90,25.32,CA,2021-03-04 21:52:06
82,Obzor,42.8167,27.8833,46.0,76,0,11.5,BG,2021-03-04 21:52:07
83,Anahuac,27.2333,-100.15,82.4,36,75,10.36,MX,2021-03-04 21:52:07
84,Tautira,-17.7333,-149.15,86.0,66,75,3.44,PF,2021-03-04 21:46:21
85,Luderitz,-26.6481,15.1594,70.18,62,0,17.0,NA,2021-03-04 21:52:08
86,San Vicente,-26.6167,-54.1333,69.62,100,100,2.08,AR,2021-03-04 21:52:08
87,Arraial Do Cabo,-22.9661,-42.0278,82.4,73,0,11.5,BR,2021-03-04 21:51:12
88,Exu,-7.5119,-39.7242,74.89,70,71,1.74,BR,2021-03-04 21:52:08
89,Idah,7.1065,6.7342,82.76,60,59,7.47,NG,2021-03-04 21:52:09
90,Chiredzi,-21.05,31.6667,67.55,81,0,3.36,ZW,2021-03-04 21:52:09
91,Faanui,-16.4833,-151.75,82.04,76,100,12.66,PF,2021-03-04 21:48:20
92,Thompson,55.7435,-97.8558,32.0,51,20,4.21,CA,2021-03-04 21:52:09
93,Waingapu,-9.6567,120.2641,77.29,82,90,5.88,ID,2021-03-04 21:51:36
94,Atuona,-9.8,-139.0333,80.01,73,1,12.64,PF,2021-03-04 21:46:56
95,Goderich,43.7501,-81.7165,21.2,68,35,17.27,CA,2021-03-04 21:41:58
96,Codrington,-38.2667,141.9667,57.18,67,98,12.88,AU,2021-03-04 21:47:36
97,Turukhansk,65.8167,87.9833,-0.08,90,97,17.31,RU,2021-03-04 21:51:25
98,Dunedin,-45.8742,170.5036,57.99,65,100,1.99,NZ,2021-03-04 21:52:10
99,Basoko,1.2391,23.616,78.03,56,32,2.35,CD,2021-03-04 21:52:11
100,Gusino,54.7244,31.368,24.37,96,46,7.65,RU,2021-03-04 21:52:11
101,Orel-Izumrud,43.4583,39.9244,33.8,86,0,11.18,RU,2021-03-04 21:52:12
102,Dondo,-19.6094,34.7431,73.22,95,39,3.8,MZ,2021-03-04 21:52:12
103,Mustafakemalpasa,40.0353,28.4117,43.0,93,0,1.14,TR,2021-03-04 21:52:13
104,Nortelandia,-14.4547,-56.8028,75.99,84,74,3.31,BR,2021-03-04 21:52:13
105,Alice Springs,-23.7,133.8833,71.6,17,16,3.44,AU,2021-03-04 21:52:13
106,Severo-Kurilsk,50.6789,156.125,31.21,97,86,19.69,RU,2021-03-04 21:46:34
107,Mahebourg,-20.4081,57.7,75.2,88,20,5.75,MU,2021-03-04 21:51:09
108,Mecca,21.4267,39.8261,68.38,52,0,8.68,SA,2021-03-04 21:52:14
109,Umred,20.85,79.3333,68.0,32,0,2.3,IN,2021-03-04 21:52:14
110,Broken Hill,-31.95,141.4333,57.2,72,76,12.66,AU,2021-03-04 21:44:02
111,Grand Gaube,-20.0064,57.6608,75.99,82,75,3.13,MU,2021-03-04 21:52:15
112,Casselman,45.3168,-75.0826,17.6,41,73,9.22,CA,2021-03-04 21:52:15
113,Kenai,60.5544,-151.2583,17.6,79,1,8.05,US,2021-03-04 21:48:42
114,Tuy Hoa,13.0833,109.3,71.83,92,28,1.88,VN,2021-03-04 21:52:15
115,Sept-Iles,50.2001,-66.3821,19.4,58,75,14.97,CA,2021-03-04 21:47:12
116,Dali,25.7,100.1833,43.65,72,23,4.94,CN,2021-03-04 21:52:16
117,Kavieng,-2.5744,150.7967,83.66,74,80,8.21,PG,2021-03-04 21:51:35
118,Lincoln,40.8,-96.667,69.8,24,1,17.27,US,2021-03-04 21:52:16
119,Pevek,69.7008,170.3133,-0.06,91,100,2.59,RU,2021-03-04 21:52:17
120,Lerwick,60.1545,-1.1494,35.6,64,90,10.36,GB,2021-03-04 21:52:17
121,Dzhebariki-Khaya,62.2167,135.8,-35.41,82,100,2.42,RU,2021-03-04 21:52:17
122,Biak,-0.9131,122.8766,76.14,74,100,3.02,ID,2021-03-04 21:52:18
123,Nanortalik,60.1432,-45.2371,33.93,98,92,3.8,GL,2021-03-04 21:52:18
124,Khudumelapye,-23.8833,24.75,72.16,42,24,3.4,BW,2021-03-04 21:52:18
125,Mweka,-4.85,21.5667,71.49,89,97,1.48,CD,2021-03-04 21:52:18
126,Saldanha,-33.0117,17.9442,62.6,72,0,9.22,ZA,2021-03-04 21:52:19
127,Lebu,-37.6167,-73.65,61.88,78,0,17.4,CL,2021-03-04 21:51:37
128,Punta Arenas,-53.15,-70.9167,64.4,29,0,14.97,CL,2021-03-04 21:48:37
129,La Rioja,42.25,-2.5,51.01,93,40,2.3,ES,2021-03-04 21:48:56
130,Suileng,47.25,127.0833,-1.95,84,75,18.86,CN,2021-03-04 21:52:20
131,Arlit,18.7369,7.3853,80.17,10,22,8.21,NE,2021-03-04 21:41:58
132,Iqaluit,63.7506,-68.5145,21.2,53,90,18.41,CA,2021-03-04 21:45:37
133,Adrar,20.5022,-10.0711,72.66,17,100,11.07,MR,2021-03-04 21:47:52
134,Port Alfred,-33.5906,26.891,70.0,89,36,5.01,ZA,2021-03-04 21:52:20
135,Bengkulu,-3.8004,102.2655,75.72,83,85,4.56,ID,2021-03-04 21:42:20
136,Najran,17.4924,44.1277,71.6,23,0,1.99,SA,2021-03-04 21:49:24
137,Mount Gambier,-37.8333,140.7667,53.6,87,90,4.61,AU,2021-03-04 21:52:21
138,Provideniya,64.3833,-173.3,12.99,92,100,8.37,RU,2021-03-04 21:51:26
139,Bam,29.106,58.357,63.93,31,0,2.37,IR,2021-03-04 21:52:21
140,Sobolevo,54.4299,31.8996,23.04,97,64,7.85,RU,2021-03-04 21:52:22
141,Fraserburgh,57.6874,-2.0184,37.99,64,100,9.48,GB,2021-03-04 21:52:22
142,Kruisfontein,-34.0033,24.7314,66.99,93,26,1.99,ZA,2021-03-04 21:43:13
143,Atherton,53.5237,-2.4935,39.99,66,0,1.99,GB,2021-03-04 21:52:22
144,Udachnyy,66.4167,112.4,-33.32,68,28,4.94,RU,2021-03-04 21:47:25
145,La Ronge,55.1001,-105.2842,37.4,65,100,6.91,CA,2021-03-04 21:43:04
146,Prado,-17.3411,-39.2208,75.79,81,21,6.6,BR,2021-03-04 21:52:23
147,Hermanus,-34.4187,19.2345,57.99,92,75,7.56,ZA,2021-03-04 21:51:16
148,Veraval,20.9,70.3667,76.32,42,0,10.71,IN,2021-03-04 21:52:23
149,Kimbe,-5.5502,150.1429,79.83,86,100,7.47,PG,2021-03-04 21:52:24
150,Butaritari,3.0707,172.7902,81.77,78,90,19.91,KI,2021-03-04 21:51:12
151,Bethel,41.3712,-73.414,37.4,35,20,17.27,US,2021-03-04 21:48:22
152,Maragogi,-9.0122,-35.2225,78.93,82,6,9.08,BR,2021-03-04 21:49:43
153,Ilave,-16.0833,-69.6667,54.25,53,95,9.75,PE,2021-03-04 21:52:25
154,Ilulissat,69.2167,-51.1,21.2,79,100,11.05,GL,2021-03-04 21:49:14
155,Sapa,5.1544,120.3241,80.58,77,25,9.62,PH,2021-03-04 21:52:26
156,Aksarka,66.5606,67.7975,6.01,95,99,4.61,RU,2021-03-04 21:46:34
157,Ada,43.4166,-116.1262,60.8,25,1,10.36,US,2021-03-04 21:52:26
158,New Norfolk,-42.7826,147.0587,55.0,66,65,1.99,AU,2021-03-04 21:51:16
159,Port Lincoln,-34.7333,135.8667,61.97,80,91,14.34,AU,2021-03-04 21:43:15
160,Aklavik,68.2191,-135.0107,-13.0,70,40,16.11,CA,2021-03-04 21:52:27
161,Portland,45.5234,-122.6762,61.0,44,75,12.66,US,2021-03-04 21:46:11
162,Senneterre,48.3835,-77.2328,10.4,40,40,16.11,CA,2021-03-04 21:52:28
163,Chebsara,59.2002,38.8356,6.8,92,75,4.29,RU,2021-03-04 21:52:28
164,Akyab,20.15,92.9,68.59,90,23,4.92,MM,2021-03-04 21:52:28
165,Cabo San Lucas,22.8909,-109.9124,84.2,29,75,3.44,MX,2021-03-04 21:50:11
166,Tonantins,-2.8731,-67.8022,77.59,93,99,3.11,BR,2021-03-04 21:52:29
167,Marion,39.7684,-86.1555,48.99,42,1,10.36,US,2021-03-04 21:52:29
168,Viseu,40.661,-7.9097,57.0,70,100,1.99,PT,2021-03-04 21:49:40
169,Sao Filipe,14.8961,-24.4956,71.01,73,81,14.97,CV,2021-03-04 21:46:03
170,Mount Isa,-20.7333,139.5,75.2,15,10,16.26,AU,2021-03-04 21:48:56
171,Necochea,-38.5473,-58.7368,70.0,87,36,7.0,AR,2021-03-04 21:47:11
172,Cairns,-16.9167,145.7667,77.0,88,75,2.3,AU,2021-03-04 21:46:05
173,Sarapulka,56.8678,61.0552,21.2,79,40,11.18,RU,2021-03-04 21:52:31
174,Caceres,39.522,-6.3748,54.0,78,100,3.0,ES,2021-03-04 21:52:31
175,Waipawa,-41.4122,175.5153,64.4,52,6,19.57,NZ,2021-03-04 21:52:31
176,Saint-Michel-Des-Saints,46.6834,-73.9159,10.99,92,100,16.82,CA,2021-03-04 21:52:31
177,Chuy,-33.6971,-53.4616,71.96,90,100,8.12,UY,2021-03-04 21:47:54
178,Olafsvik,64.8945,-23.7142,40.68,86,100,12.84,IS,2021-03-04 21:47:36
179,Toora-Khem,52.4675,96.11,-3.51,95,0,2.19,RU,2021-03-04 21:52:32
180,Jimenez,28.3333,-105.4,80.6,11,75,23.02,MX,2021-03-04 21:52:33
181,Kaputa,-8.4689,29.6619,68.36,85,91,2.19,ZM,2021-03-04 21:52:33
182,Flinders,-34.5833,150.8552,71.01,76,6,1.99,AU,2021-03-04 21:44:25
183,Namatanai,-3.6667,152.4333,81.81,77,86,2.62,PG,2021-03-04 21:46:13
184,Dusetos,55.75,25.85,27.61,90,0,6.26,LT,2021-03-04 21:52:34
185,Guerrero Negro,27.9769,-114.0611,65.14,51,96,15.73,MX,2021-03-04 21:52:34
186,Qaanaaq,77.484,-69.3632,-24.07,65,0,8.72,GL,2021-03-04 21:51:14
187,Kolda,12.8833,-14.95,87.8,35,0,5.86,SN,2021-03-04 21:52:36
188,Dzilam Gonzalez,21.2833,-88.9333,78.24,67,40,8.46,MX,2021-03-04 21:52:36
189,Nerchinskiy Zavod,51.3088,119.61,-25.92,87,2,2.01,RU,2021-03-04 21:52:36
190,Sao Joao Da Barra,-21.6403,-41.0511,80.6,74,0,16.11,BR,2021-03-04 21:52:36
191,Belize,17.25,-88.75,91.4,43,20,4.61,BZ,2021-03-04 21:52:37
192,Narsaq,60.9167,-46.05,50.0,32,75,29.93,GL,2021-03-04 21:46:28
193,Ahipara,-35.1667,173.1667,69.71,63,3,6.33,NZ,2021-03-04 21:52:37
194,Magadan,59.5667,150.8,-18.74,83,54,1.88,RU,2021-03-04 21:52:38
195,Souillac,-20.5167,57.5167,75.2,88,20,5.75,MU,2021-03-04 21:52:38
196,Bartica,6.4,-58.6167,84.2,70,40,13.8,GY,2021-03-04 21:52:38
197,Xichang,27.8964,102.2634,46.54,79,27,1.81,CN,2021-03-04 21:46:45
198,Kalmunai,7.4167,81.8167,75.31,77,17,5.23,LK,2021-03-04 21:52:39
199,Nome,64.5011,-165.4064,3.2,85,90,37.98,US,2021-03-04 21:45:11
200,Oriximina,-1.7656,-55.8661,79.25,80,20,4.05,BR,2021-03-04 21:52:39
201,Padang,-0.9492,100.3543,77.0,94,90,5.75,ID,2021-03-04 21:48:37
202,Sembakung,3.8167,117.25,71.47,98,55,1.81,ID,2021-03-04 21:52:40
203,Wajima,37.4,136.9,50.54,74,81,1.92,JP,2021-03-04 21:52:40
204,Cherskiy,68.75,161.3,-18.0,87,100,8.41,RU,2021-03-04 21:51:27
205,Darab,28.7519,54.5444,62.49,44,0,2.08,IR,2021-03-04 21:52:41
206,Rawson,-43.3002,-65.1023,62.11,71,10,11.03,AR,2021-03-04 21:49:19
207,Broome,42.2506,-75.833,25.0,54,40,11.5,US,2021-03-04 21:47:35
208,Port Hedland,-20.3167,118.5667,73.4,73,0,9.22,AU,2021-03-04 21:46:23
209,Sao Domingos,-13.3983,-46.3183,75.22,71,69,2.08,BR,2021-03-04 21:52:41
210,Kortkeros,61.8106,51.5806,14.0,85,75,4.47,RU,2021-03-04 21:52:42
211,Esperance,-33.8667,121.9,64.4,94,75,12.66,AU,2021-03-04 21:52:42
212,Upernavik,72.7868,-56.1549,-13.43,82,29,16.26,GL,2021-03-04 21:46:47
213,Norman Wells,65.282,-126.8329,1.4,71,75,20.71,CA,2021-03-04 21:45:55
214,Chateaudun,48.0833,1.3333,46.4,81,90,11.5,FR,2021-03-04 21:52:43
215,Morant Bay,17.8815,-76.4093,82.4,69,20,9.22,JM,2021-03-04 21:52:43
216,Sisimiut,66.9395,-53.6735,26.2,90,100,11.74,GL,2021-03-04 21:49:26
217,Kalianget,-7.05,113.9333,76.69,89,100,12.28,ID,2021-03-04 21:52:44
218,Qaqortoq,60.7167,-46.0333,50.0,32,75,29.93,GL,2021-03-04 21:52:44
219,Pisco,-13.7,-76.2167,82.4,61,0,11.5,PE,2021-03-04 21:45:51
220,Baiyin,36.5583,104.2081,35.01,39,0,8.95,CN,2021-03-04 21:47:59
221,Atbasar,51.8,68.3333,11.26,93,52,14.58,KZ,2021-03-04 21:52:45
222,Kabo,7.6994,18.629,78.39,18,13,2.82,CF,2021-03-04 21:52:45
223,Pochutla,15.7432,-96.4661,89.6,45,40,13.8,MX,2021-03-04 21:49:37
224,Qui Nhon,13.7667,109.2333,73.63,91,32,3.67,VN,2021-03-04 21:51:32
225,Serenje,-13.2325,30.2352,63.81,93,100,1.19,ZM,2021-03-04 21:52:45
226,Touros,-5.1989,-35.4608,80.6,78,40,9.22,BR,2021-03-04 21:46:01
227,Sumkino,58.1108,68.3244,21.04,98,99,7.72,RU,2021-03-04 21:52:46
228,Saskylakh,71.9167,114.0833,-31.18,81,92,7.31,RU,2021-03-04 21:51:20
229,Tarakan,3.3,117.6333,77.0,85,70,7.96,ID,2021-03-04 21:52:46
230,Zalantun,48.0,122.7167,-1.97,83,27,8.43,CN,2021-03-04 21:52:47
231,San Jose,37.3394,-121.895,68.0,42,20,5.75,US,2021-03-04 21:52:47
232,Vardo,70.3705,31.1107,24.8,80,75,16.11,NO,2021-03-04 21:47:39
233,Vanimo,-2.6741,141.3028,77.79,85,99,7.87,PG,2021-03-04 21:47:56
234,Aguimes,27.9054,-15.4461,64.4,68,20,19.57,ES,2021-03-04 21:52:48
235,Mandalgovi,45.7625,106.2708,9.09,39,11,4.52,MN,2021-03-04 21:49:54
236,Cidreira,-30.1811,-50.2056,75.61,86,98,3.44,BR,2021-03-04 21:45:48
237,Bitkine,11.9801,18.2138,76.51,18,90,8.93,TD,2021-03-04 21:48:03
238,Vila,42.0304,-8.1588,53.01,76,99,5.01,PT,2021-03-04 21:52:49
239,Comodoro Rivadavia,-45.8667,-67.5,57.2,100,90,5.75,AR,2021-03-04 21:46:11
240,Half Moon Bay,37.4636,-122.4286,62.01,67,1,5.75,US,2021-03-04 21:52:49
241,Neiafu,-18.65,-173.9833,82.4,78,40,6.91,TO,2021-03-04 21:52:50
242,Roma,43.2128,-75.4557,26.6,43,1,20.71,US,2021-03-04 21:46:14
243,Dukat,62.55,155.55,-26.9,82,100,19.28,RU,2021-03-04 21:52:50
244,Zhob,31.3411,69.4481,53.01,39,0,4.12,PK,2021-03-04 21:52:51
245,Mabaruma,8.2,-59.7833,75.15,93,79,4.72,GY,2021-03-04 21:52:51
246,Colares,38.7992,-9.4469,54.0,88,84,7.16,PT,2021-03-04 21:52:52
247,Pringsewu,-5.3582,104.9744,72.23,95,81,0.25,ID,2021-03-04 21:52:52
248,Leningradskiy,69.3833,178.4167,0.73,91,100,32.64,RU,2021-03-04 21:51:28
249,Kagadi,0.9606,30.7967,69.06,72,18,3.94,UG,2021-03-04 21:52:53
250,Mangai,-4.05,19.5333,74.25,84,99,1.99,CD,2021-03-04 21:52:53
251,Sakaiminato,35.55,133.2333,50.0,93,90,12.66,JP,2021-03-04 21:51:22
252,Vestmannaeyjar,63.4427,-20.2734,40.86,72,40,5.32,IS,2021-03-04 21:49:29
253,Bay Roberts,47.5999,-53.2648,33.01,78,91,4.0,CA,2021-03-04 21:48:27
254,Moron,-34.6534,-58.6198,82.99,66,60,3.0,AR,2021-03-04 21:49:45
255,Basavana Bagevadi,16.5833,75.9667,69.19,32,6,7.81,IN,2021-03-04 21:52:54
256,Praia Da Vitoria,38.7333,-27.0667,57.2,82,20,8.95,PT,2021-03-04 21:47:31
257,Balestrand,61.2076,6.5334,28.4,86,75,1.14,NO,2021-03-04 21:52:54
258,Ankang,32.68,109.0172,52.0,35,100,18.99,CN,2021-03-04 21:52:55
259,Beloha,-25.1667,45.05,72.75,95,0,2.46,MG,2021-03-04 21:47:27
260,Butembo,0.15,29.2833,61.88,77,84,3.11,CD,2021-03-04 21:52:55
261,Icod De Los Vinos,28.3724,-16.7119,60.01,87,0,4.52,ES,2021-03-04 21:52:55
262,Klaksvik,62.2266,-6.589,32.0,86,29,5.75,FO,2021-03-04 21:47:56
263,Angoche,-16.2325,39.9086,78.04,88,100,4.83,MZ,2021-03-04 21:52:56
264,Ixtapa,20.7,-105.2,77.0,69,1,11.5,MX,2021-03-04 21:52:58
265,Aasiaat,68.7098,-52.8699,16.23,95,100,6.02,GL,2021-03-04 21:47:59
266,Baruun-Urt,46.6806,113.2792,-8.73,89,20,4.14,MN,2021-03-04 21:52:59
267,Nouakchott,18.0858,-15.9785,69.8,68,0,14.97,MR,2021-03-04 21:48:39
268,Airai,-8.9266,125.4092,58.73,90,10,1.83,TL,2021-03-04 21:47:41
269,Porto Walter,-8.2686,-72.7439,79.09,92,100,2.95,BR,2021-03-04 21:53:00
270,Hit,33.6416,42.8251,57.56,50,45,12.53,IQ,2021-03-04 21:48:03
271,Limbang,4.75,115.0,75.2,94,75,3.44,MY,2021-03-04 21:53:01
272,Road Town,18.4167,-64.6167,80.6,74,20,6.91,VG,2021-03-04 21:45:39
273,Pangoa,-12.1167,-73.0,80.37,71,87,2.46,PE,2021-03-04 21:53:01
274,Lavrentiya,65.5833,-171.0,2.44,96,100,25.52,RU,2021-03-04 21:46:45
275,Kavaratti,10.5669,72.642,82.8,52,0,1.99,IN,2021-03-04 21:53:02
276,Ledyard,41.4398,-72.0142,37.0,41,4,8.01,US,2021-03-04 21:53:02
277,Dikson,73.5069,80.5464,-29.6,83,3,13.76,RU,2021-03-04 21:45:56
278,Talara,-4.5772,-81.2719,84.2,61,0,10.36,PE,2021-03-04 21:47:12
279,Coahuayana,18.7333,-103.6833,86.0,35,1,6.42,MX,2021-03-04 21:53:04
280,Ancud,-41.8697,-73.8203,71.6,46,0,8.05,CL,2021-03-04 21:53:04
281,Hervey Bay,-25.2986,152.8535,73.99,76,0,3.0,AU,2021-03-04 21:53:04
282,Kemijarvi,66.7131,27.4306,13.48,93,69,6.85,FI,2021-03-04 21:53:05
283,Pascagoula,30.3658,-88.5561,72.0,43,1,6.91,US,2021-03-04 21:48:25
284,Gulf Gate Estates,27.2517,-82.5147,71.01,60,1,16.11,US,2021-03-04 21:53:05
285,Hamilton,39.1834,-84.5333,50.0,33,0,5.01,US,2021-03-04 21:47:38
286,Hami,42.8,93.45,34.32,70,83,8.3,CN,2021-03-04 21:53:06
287,Port Blair,11.6667,92.75,80.02,83,4,7.65,IN,2021-03-04 21:46:44
288,Alofi,-19.0595,-169.9187,84.2,74,75,11.5,NU,2021-03-04 21:47:15
289,Palmerston,-12.486,130.9833,78.8,89,0,3.44,AU,2021-03-04 21:53:07
290,Puerto Del Rosario,28.5004,-13.8627,64.4,68,20,10.36,ES,2021-03-04 21:53:07
291,Rocha,-34.4833,-54.3333,70.88,91,100,5.84,UY,2021-03-04 21:47:27
292,Monmouth,40.3001,-74.1663,41.0,45,12,3.0,US,2021-03-04 21:53:08
293,Soe,-9.8607,124.284,65.03,100,23,2.37,ID,2021-03-04 21:53:08
294,Meshcherino,55.1957,38.36,30.2,93,75,6.71,RU,2021-03-04 21:53:09
295,Analipsis,35.3167,25.5667,52.0,87,0,6.91,GR,2021-03-04 21:53:09
296,Miandrivazo,-19.5167,45.4667,76.75,85,100,4.03,MG,2021-03-04 21:53:02
297,Orlik,52.5178,99.825,-10.26,78,0,2.91,RU,2021-03-04 21:53:09
298,Ostrovnoy,68.0531,39.5131,12.92,92,100,9.8,RU,2021-03-04 21:44:00
299,Shiyan,32.6475,110.7781,50.5,79,100,1.14,CN,2021-03-04 21:53:10
300,Tutayev,57.8853,39.5406,12.2,92,0,4.47,RU,2021-03-04 21:53:10
301,Lompoc,34.6391,-120.4579,61.0,55,1,10.36,US,2021-03-04 21:46:03
302,Kevermes,46.4167,21.1833,39.2,81,35,4.61,HU,2021-03-04 21:53:11
303,Isangel,-19.55,169.2667,80.6,89,90,11.5,VU,2021-03-04 21:51:35
304,Idenao,4.2475,9.0047,79.97,82,100,6.33,CM,2021-03-04 21:53:11
305,Beringovskiy,63.05,179.3167,-1.19,82,84,14.34,RU,2021-03-04 21:47:03
306,Palu,-0.8917,119.8707,74.37,93,91,2.26,ID,2021-03-04 21:45:46
307,Klyuchi,52.2667,79.1667,19.0,94,81,15.7,RU,2021-03-04 21:53:12
308,Namibe,-15.1961,12.1522,75.54,78,85,1.21,AO,2021-03-04 21:46:24
309,Ylivieska,64.0833,24.55,21.99,82,13,8.01,FI,2021-03-04 21:53:13
310,Brigantine,39.4101,-74.3646,46.4,36,90,18.41,US,2021-03-04 21:50:58
311,Belmonte,-15.8631,-38.8828,78.8,65,40,10.36,BR,2021-03-04 21:51:41
312,Tateyama,34.9833,139.8667,51.01,82,100,3.0,JP,2021-03-04 21:53:14
313,Saint-Leu,-21.15,55.2833,75.0,62,99,6.06,RE,2021-03-04 21:53:15
314,Garmsar,35.2182,52.3409,57.33,35,78,9.91,IR,2021-03-04 21:53:15
315,Goure,13.9835,10.2704,79.0,10,0,5.99,NE,2021-03-04 21:53:15
316,Shakawe,-18.3667,21.85,69.31,63,69,1.1,BW,2021-03-04 21:53:16
317,Lipin Bor,60.2622,37.9763,9.1,96,83,6.11,RU,2021-03-04 21:53:16
318,Hasaki,35.7333,140.8333,44.6,100,75,1.14,JP,2021-03-04 21:51:18
319,Kailua,21.4022,-157.7394,75.2,60,1,10.36,US,2021-03-04 21:53:17
320,Ibaiti,-23.8486,-50.1878,68.0,99,100,1.99,BR,2021-03-04 21:53:17
321,Campoverde,-8.4753,-74.8058,87.8,55,40,4.61,PE,2021-03-04 21:53:18
322,Santa Isabel Do Rio Negro,-0.4139,-65.0192,73.65,98,100,1.7,BR,2021-03-04 21:53:18
323,Gazojak,41.1875,61.4036,36.97,63,0,6.87,TM,2021-03-04 21:53:18
324,Ondjiva,-17.0667,15.7333,68.85,58,5,5.77,AO,2021-03-04 21:53:19
325,Torbay,47.6666,-52.7314,32.0,80,75,11.5,CA,2021-03-04 21:47:08
326,Sao Paulo De Olivenca,-3.3783,-68.8725,79.74,83,58,3.96,BR,2021-03-04 21:53:19
327,Viedma,-40.8135,-62.9967,63.73,72,41,15.99,AR,2021-03-04 21:44:22
328,Vila Franca Do Campo,37.7167,-25.4333,55.4,76,20,18.41,PT,2021-03-04 21:49:15
329,Acapulco,16.8634,-99.8901,86.0,70,20,8.05,MX,2021-03-04 21:47:49
330,Bilma,18.6853,12.9164,71.47,19,0,8.79,NE,2021-03-04 21:53:20
331,Cervo,43.6702,-7.4101,55.0,88,79,13.76,ES,2021-03-04 21:53:21
332,Brae,60.3964,-1.353,35.6,64,90,10.36,GB,2021-03-04 21:53:21
333,Ribeira Grande,38.5167,-28.7,55.4,71,20,3.44,PT,2021-03-04 21:53:22
334,Meghri,38.9029,46.2446,38.01,96,100,4.47,AM,2021-03-04 21:53:22
335,Richards Bay,-28.783,32.0377,69.51,81,0,6.78,ZA,2021-03-04 21:50:53
336,Kindu,-2.95,25.95,72.05,80,100,2.44,CD,2021-03-04 21:53:23
337,Hay River,60.8156,-115.7999,3.2,78,100,11.5,CA,2021-03-04 21:53:23
338,Ilmenau,50.6833,10.9,34.0,92,100,7.7,DE,2021-03-04 21:53:24
339,Masindi,1.6744,31.715,73.45,62,51,4.61,UG,2021-03-04 21:46:15
340,Quechultenango,17.4167,-99.2167,87.91,28,98,9.31,MX,2021-03-04 21:53:24
341,Margate,51.3813,1.3862,39.99,63,84,5.01,GB,2021-03-04 21:53:25
342,Bekhtery,46.251,32.2927,42.91,86,0,18.52,UA,2021-03-04 21:53:25
343,Bonavista,48.6499,-53.1147,33.01,80,98,9.22,CA,2021-03-04 21:53:25
344,Shaunavon,49.6501,-108.4181,39.2,56,40,1.14,CA,2021-03-04 21:53:26
345,Tamandare,-8.7597,-35.1047,78.82,83,1,8.93,BR,2021-03-04 21:53:26
346,Fairbanks,64.8378,-147.7164,8.01,72,40,1.74,US,2021-03-04 21:47:20
347,Mayumba,-3.432,10.6554,80.31,88,100,6.6,GA,2021-03-04 21:46:02
348,Yulara,-25.2406,130.9889,80.6,24,7,8.05,AU,2021-03-04 21:46:31
349,Palasa,18.7667,84.4167,69.94,77,46,6.42,IN,2021-03-04 21:53:27
350,Mogadishu,2.0371,45.3438,78.22,83,99,19.53,SO,2021-03-04 21:53:28
351,Tura,25.5198,90.2201,64.42,28,0,5.37,IN,2021-03-04 21:53:28
352,Lahaina,20.8783,-156.6825,77.0,57,40,12.66,US,2021-03-04 21:53:28
353,Chara,56.9064,118.2631,-29.79,63,0,1.54,RU,2021-03-04 21:53:29
354,Moche,-8.1711,-79.0092,73.4,83,40,8.05,PE,2021-03-04 21:53:29
355,Cuencame,24.8711,-103.6964,86.88,12,5,6.49,MX,2021-03-04 21:53:29
356,Mayo,38.8876,-76.5119,51.01,37,40,18.41,US,2021-03-04 21:53:30
357,Barra Do Garcas,-15.89,-52.2567,80.6,83,75,1.79,BR,2021-03-04 21:53:30
358,Jiehu,35.5428,118.455,42.98,83,92,3.91,CN,2021-03-04 21:53:30
359,Saint-Pierre,-21.3393,55.4781,77.0,78,20,5.75,RE,2021-03-04 21:47:30
360,Plettenberg Bay,-34.0527,23.3716,65.84,88,79,6.58,ZA,2021-03-04 21:49:10
361,Juli,-16.2167,-69.45,50.9,56,99,7.31,PE,2021-03-04 21:53:32
362,Sadat,25.6833,83.2833,64.4,72,2,3.44,IN,2021-03-04 21:53:32
363,Urucui,-7.2294,-44.5561,78.96,80,44,4.88,BR,2021-03-04 21:53:32
364,Balasheyka,53.2841,48.0851,28.35,98,100,9.15,RU,2021-03-04 21:53:33
365,Srednekolymsk,67.45,153.6833,-10.53,94,100,19.66,RU,2021-03-04 21:53:33
366,Lengshuitan,26.4111,111.5956,57.7,88,90,1.07,CN,2021-03-04 21:53:33
367,Clyde River,70.4692,-68.5914,-22.0,76,20,10.36,CA,2021-03-04 21:51:15
368,Ayan,56.45,138.1667,-18.99,67,24,16.53,RU,2021-03-04 21:53:34
369,Mitu,1.1983,-70.1733,80.2,89,87,1.57,CO,2021-03-04 21:53:34
370,Scottsbluff,41.8666,-103.6672,60.01,20,1,10.36,US,2021-03-04 21:51:20
371,Lagoa,39.05,-27.9833,57.42,66,57,6.4,PT,2021-03-04 21:53:35
372,Pandan,14.0453,124.1694,77.85,79,18,9.71,PH,2021-03-04 21:53:35
373,Lazaro Cardenas,17.9583,-102.2,80.62,61,17,10.16,MX,2021-03-04 21:53:36
374,Beboto,8.2668,16.939,80.29,17,52,3.18,TD,2021-03-04 21:53:36
375,Tuatapere,-46.1333,167.6833,59.0,70,85,5.99,NZ,2021-03-04 21:53:37
376,Entrerrios,6.5654,-75.5169,60.8,100,75,0.81,CO,2021-03-04 21:53:37
377,Key West,24.5557,-81.7826,73.4,64,20,16.11,US,2021-03-04 21:50:27
378,Gravelbourg,49.8834,-106.5512,46.4,61,36,4.61,CA,2021-03-04 21:53:38
379,Kirakira,-10.4544,161.9205,79.36,83,100,13.22,SB,2021-03-04 21:46:31
380,Urucara,-2.5364,-57.76,79.32,82,10,1.68,BR,2021-03-04 21:53:39
381,Dafeng,23.4517,108.5881,61.81,85,100,3.02,CN,2021-03-04 21:53:39
382,Castilho,-20.8722,-51.4875,73.36,87,94,4.12,BR,2021-03-04 21:53:40
383,Aktau,43.65,51.2,28.4,86,0,8.95,KZ,2021-03-04 21:53:40
384,Caravelas,-17.7125,-39.2481,75.81,78,16,5.06,BR,2021-03-04 21:46:00
385,Presidencia Roque Saenz Pena,-26.7852,-60.4388,82.0,65,68,4.0,AR,2021-03-04 21:53:41
386,Great Yarmouth,52.6083,1.7305,41.0,75,75,11.5,GB,2021-03-04 21:53:41
387,Khor,47.8861,134.9464,30.79,97,100,10.78,RU,2021-03-04 21:53:41
388,Skjervoy,70.0311,20.9714,26.6,74,75,4.61,NO,2021-03-04 21:53:42
389,Vao,-22.6667,167.4833,77.04,79,99,13.27,NC,2021-03-04 21:46:55
390,Koraput,18.8167,82.7167,62.91,51,29,2.62,IN,2021-03-04 21:53:43
391,Trebinje,42.7119,18.3442,46.4,81,0,6.91,BA,2021-03-04 21:53:43
392,Gouvy,50.186,5.9392,37.99,100,98,9.69,BE,2021-03-04 21:53:43
393,Angoram,-4.0625,144.0661,75.74,92,100,4.32,PG,2021-03-04 21:53:44
394,Lasa,46.6166,10.7002,42.01,86,0,2.3,IT,2021-03-04 21:44:42
395,Grand Forks,47.9417,-97.4337,51.8,54,1,6.91,US,2021-03-04 21:49:43
396,Jieshi,22.8134,115.8257,64.0,93,55,1.01,CN,2021-03-04 21:53:45
397,Bakel,14.905,-12.4568,87.6,13,4,7.76,SN,2021-03-04 21:53:45
398,Smithers,54.7804,-127.1743,46.4,42,40,9.22,CA,2021-03-04 21:45:06
399,Avera,33.194,-82.5271,71.6,23,1,9.22,US,2021-03-04 21:47:26
400,Rio Grande,-32.035,-52.0986,73.0,95,100,9.31,BR,2021-03-04 21:44:44
401,Grand-Santi,4.25,-54.3833,75.09,94,84,4.41,GF,2021-03-04 21:49:13
402,Yar-Sale,66.8333,70.8333,7.63,96,98,7.16,RU,2021-03-04 21:45:47
403,Te Anau,-45.4167,167.7167,49.06,94,99,2.98,NZ,2021-03-04 21:53:46
404,Pinyug,60.251,47.7842,0.09,93,26,5.73,RU,2021-03-04 21:53:47
405,Dawei,14.0833,98.2,73.53,85,0,3.11,MM,2021-03-04 21:53:12
406,Tiarei,-17.5333,-149.3333,86.0,66,75,3.44,PF,2021-03-04 21:48:55
407,Atar,20.5169,-13.0499,72.88,17,100,8.16,MR,2021-03-04 21:46:03
408,Oil City,41.4339,-79.7064,28.0,68,90,8.05,US,2021-03-04 21:53:47
409,Luoyang,34.6836,112.4536,55.0,99,100,1.03,CN,2021-03-04 21:53:48
410,Nkongsamba,4.9547,9.9404,70.29,94,95,0.58,CM,2021-03-04 21:53:48
411,Svetlogorsk,52.6333,29.7333,30.85,89,100,6.76,BY,2021-03-04 21:53:48
412,Uyuni,-20.4597,-66.825,64.8,29,34,13.15,BO,2021-03-04 21:53:49
413,Inyonga,-6.7167,32.0667,64.8,92,100,2.21,TZ,2021-03-04 21:53:49
414,Puerto Narino,-3.7703,-70.3831,80.6,89,75,2.3,CO,2021-03-04 21:51:29
415,Calvinia,-31.4707,19.776,62.46,67,0,3.78,ZA,2021-03-04 21:47:40
416,Saint-Georges,12.0564,-61.7485,82.4,74,20,25.32,GD,2021-03-04 21:53:50
417,Da Lat,11.9465,108.4419,55.63,42,0,2.04,VN,2021-03-04 21:53:51
418,Agadir,30.4202,-9.5982,59.0,94,44,10.36,MA,2021-03-04 21:53:51
419,Magistralnyy,56.1725,107.4458,-21.08,83,71,5.23,RU,2021-03-04 21:53:51
420,Tuktoyaktuk,69.4541,-133.0374,-18.4,76,20,5.75,CA,2021-03-04 21:51:16
421,Bubaque,11.2833,-15.8333,77.92,66,3,13.31,GW,2021-03-04 21:46:06
422,Anadyr,64.75,177.4833,1.4,85,40,4.47,RU,2021-03-04 21:48:05
423,Fort-Shevchenko,44.5086,50.263,34.61,87,0,11.07,KZ,2021-03-04 21:53:52
424,Tim,51.6222,37.1244,35.01,84,100,4.0,RU,2021-03-04 21:53:53
425,Los Llanos De Aridane,28.6585,-17.9182,66.2,72,0,1.14,ES,2021-03-04 21:53:53
426,Jaciara,-15.9653,-54.9683,73.54,90,95,0.94,BR,2021-03-04 21:53:53
427,Fare,-16.7,-151.0167,82.18,76,96,9.46,PF,2021-03-04 21:53:54
428,Port Hardy,50.6996,-127.4199,48.2,87,90,14.97,CA,2021-03-04 21:46:07
429,Constitucion,-35.3333,-72.4167,68.92,59,1,17.05,CL,2021-03-04 21:51:44
430,Kiruna,67.8557,20.2251,15.8,73,40,10.36,SE,2021-03-04 21:49:05
431,Nuristan,35.3,70.8333,15.3,75,7,11.27,AF,2021-03-04 21:53:55
432,Ponta Do Sol,32.6667,-17.1,60.01,75,44,3.0,PT,2021-03-04 21:45:53
433,Svetlaya,46.5389,138.3297,29.79,94,27,6.46,RU,2021-03-04 21:53:55
434,Huilong,31.8111,121.655,46.0,98,0,3.0,CN,2021-03-04 21:53:55
435,Matane,48.8286,-67.522,17.6,62,100,17.27,CA,2021-03-04 21:53:56
436,Bolitoc,15.7395,119.8769,75.96,78,0,4.36,PH,2021-03-04 21:53:56
437,Barcelona,41.3888,2.159,55.99,82,20,3.44,ES,2021-03-04 21:44:22
438,Salinas,36.6777,-121.6555,60.8,55,1,13.8,US,2021-03-04 21:43:41
439,Sitka,57.0531,-135.33,39.2,81,75,6.91,US,2021-03-04 21:53:56
440,Sabha,27.0377,14.4283,60.22,32,95,16.53,LY,2021-03-04 21:45:44
441,Kieta,-6.2167,155.6333,81.52,78,100,9.78,PG,2021-03-04 21:45:24
442,Tabou,4.423,-7.3528,78.94,88,54,8.72,CI,2021-03-04 21:53:57
443,Pangnirtung,66.1451,-65.7125,10.4,67,75,10.36,CA,2021-03-04 21:47:31
444,Upington,-28.4478,21.2561,80.6,18,20,6.91,ZA,2021-03-04 21:53:58
445,Xai-Xai,-25.0519,33.6442,72.99,92,1,2.68,MZ,2021-03-04 21:53:59
446,Lisala,2.15,21.5167,77.72,40,52,2.44,CD,2021-03-04 21:53:59
447,Autazes,-3.5797,-59.1306,79.18,85,73,0.54,BR,2021-03-04 21:53:59
448,Mangrol,21.1167,70.1167,74.64,53,0,9.35,IN,2021-03-04 21:54:00
449,Nara,34.6851,135.8049,50.0,93,90,9.22,JP,2021-03-04 21:49:42
450,Campo De Criptana,39.4046,-3.1249,47.46,59,93,11.7,ES,2021-03-04 21:54:00
451,Polson,47.6936,-114.1632,55.99,44,19,1.01,US,2021-03-04 21:48:36
452,Xucheng,20.35,110.1288,71.6,94,0,6.71,CN,2021-03-04 21:54:01
453,Karratha,-20.7377,116.8463,77.14,62,18,12.93,AU,2021-03-04 21:46:10
454,Bandarbeyla,9.4942,50.8122,75.4,80,100,10.38,SO,2021-03-04 21:46:50
455,Thai Binh,20.45,106.3333,66.2,94,75,2.3,VN,2021-03-04 21:54:02
456,Zmiyiv,49.6966,36.3611,39.2,93,75,13.42,UA,2021-03-04 21:54:02
457,Dosso,13.049,3.1937,82.44,14,0,9.91,NE,2021-03-04 21:54:03
458,Helong,42.5397,128.9972,31.77,91,4,6.85,CN,2021-03-04 21:54:03
459,San Angelo,31.4638,-100.437,82.99,24,1,13.8,US,2021-03-04 21:52:27
460,Kingaroy,-26.5333,151.8333,59.0,100,0,3.18,AU,2021-03-04 21:48:10
461,Srandakan,-7.9386,110.2506,76.84,83,100,3.51,ID,2021-03-04 21:54:04
462,Tazovskiy,67.4667,78.7,10.87,96,100,13.29,RU,2021-03-04 21:49:36
463,Hualmay,-11.0964,-77.6139,76.24,70,69,7.05,PE,2021-03-04 21:54:05
464,Conceicao Do Araguaia,-8.2578,-49.2647,76.6,85,95,0.51,BR,2021-03-04 21:53:59
465,Soyo,-6.1349,12.3689,80.96,85,86,6.04,AO,2021-03-04 21:46:21
466,Riohacha,11.5444,-72.9072,79.83,70,0,15.28,CO,2021-03-04 21:49:25
467,Karasjok,69.4719,25.5112,21.2,86,75,6.91,NO,2021-03-04 21:54:06
468,Naze,28.3667,129.4833,64.4,68,75,8.05,JP,2021-03-04 21:54:06
469,Amberley,39.2048,-84.428,48.99,40,1,10.36,US,2021-03-04 21:54:06
470,Havre-Saint-Pierre,50.2334,-63.5986,24.8,80,90,20.71,CA,2021-03-04 21:47:29
471,Vung Tau,10.346,107.0843,77.04,78,0,20.2,VN,2021-03-04 21:54:07
472,Mardin,37.3131,40.7436,41.94,87,100,19.62,TR,2021-03-04 21:54:08
473,Talikota,16.4833,76.3167,69.33,33,0,8.19,IN,2021-03-04 21:54:08
474,Montepuez,-13.1256,38.9997,67.95,99,100,5.1,MZ,2021-03-04 21:54:09
475,Santiago Del Estero,-27.7951,-64.2615,89.87,34,2,7.45,AR,2021-03-04 21:51:22
476,Uvinza,-5.1036,30.3911,66.96,88,100,0.96,TZ,2021-03-04 21:52:22
477,Cockburn Town,21.4612,-71.1419,78.8,73,20,9.22,TC,2021-03-04 21:48:47
478,Kulevcha,46.0303,29.9361,44.96,77,49,9.19,UA,2021-03-04 21:54:10
479,Lichinga,-13.3128,35.2406,61.65,96,100,0.83,MZ,2021-03-04 21:52:03
480,Jablah,35.3614,35.9256,50.0,87,40,6.91,SY,2021-03-04 21:54:10
481,Darnah,32.767,22.6367,55.24,66,0,5.21,LY,2021-03-04 21:54:11
482,Kiunga,-6.1219,141.2906,73.36,96,100,2.44,PG,2021-03-04 21:54:11
483,Queenstown,-31.8976,26.8753,64.99,87,99,4.05,ZA,2021-03-04 21:54:11
484,Hun,29.1268,15.9477,59.07,23,80,20.02,LY,2021-03-04 21:54:11
485,Saint-Joseph,-21.3667,55.6167,77.0,78,20,5.75,RE,2021-03-04 21:49:28
486,Brest,52.1,23.7,35.6,93,90,11.18,BY,2021-03-04 21:54:12
487,Liverpool,53.4106,-2.9779,39.2,75,75,11.5,GB,2021-03-04 21:54:12
488,Merauke,-8.4667,140.3333,79.05,86,100,11.48,ID,2021-03-04 21:54:12
489,Garowe,8.4054,48.4845,65.89,83,51,10.8,SO,2021-03-04 21:46:25
490,Yuncheng,35.0231,110.9928,52.39,56,100,3.49,CN,2021-03-04 21:54:13
491,Oktyabrskoye,43.0645,44.7417,24.8,86,0,4.47,RU,2021-03-04 21:49:33
492,Mazamari,-11.3258,-74.5308,84.43,53,97,2.17,PE,2021-03-04 21:54:14
493,Loandjili,-4.7561,11.8578,82.4,83,40,8.05,CG,2021-03-04 21:54:14
494,Vyritsa,59.4078,30.3481,26.6,68,0,13.42,RU,2021-03-04 21:54:14
495,Talpa,28.8257,-111.6257,78.01,26,80,7.0,MX,2021-03-04 21:54:15
496,Lamu,-2.2717,40.902,77.52,87,88,10.54,KE,2021-03-04 21:54:15
497,Colesberg,-30.72,25.0972,63.75,73,10,17.81,ZA,2021-03-04 21:54:16
498,Walvis Bay,-22.9575,14.5053,78.57,40,0,12.71,NA,2021-03-04 21:46:33
499,Thinadhoo,0.5333,72.9333,82.11,68,28,6.89,MV,2021-03-04 21:54:17
500,Puerto Castilla,16.0167,-85.9667,84.2,65,75,4.61,HN,2021-03-04 21:54:17
501,Hambantota,6.1241,81.1185,73.54,81,13,9.89,LK,2021-03-04 21:46:17
502,Pemangkat,1.1667,108.9667,75.61,90,36,6.06,ID,2021-03-04 21:54:18
503,Poso,-1.3959,120.7524,77.0,82,100,5.41,ID,2021-03-04 21:54:18
504,Mosquera,4.7059,-74.2302,55.4,88,90,5.75,CO,2021-03-04 21:54:18
505,Hofn,64.2539,-15.2082,40.48,68,0,2.84,IS,2021-03-04 21:54:19
506,Puqi,29.7167,113.8833,54.37,91,93,2.24,CN,2021-03-04 21:54:19
507,Santa Comba,43.0331,-8.8093,54.0,94,96,2.57,ES,2021-03-04 21:54:19
508,Ayna,-12.65,-73.9167,67.24,74,93,2.98,PE,2021-03-04 21:54:19
509,Pankrushikha,53.8319,80.3406,17.65,86,100,17.47,RU,2021-03-04 21:54:20
510,Husavik,66.0449,-17.3389,41.0,70,40,8.05,IS,2021-03-04 21:51:11
511,Narasannapeta,18.4167,84.05,70.72,85,22,4.61,IN,2021-03-04 21:51:15
512,Steubenville,40.3698,-80.634,33.8,55,90,14.97,US,2021-03-04 21:54:20
513,Camacha,33.0833,-16.3333,62.6,94,75,13.8,PT,2021-03-04 21:47:56
514,Buchanan,5.8808,-10.0467,78.8,94,40,6.29,LR,2021-03-04 21:54:20
515,Dingle,10.9995,122.6711,74.59,92,21,7.7,PH,2021-03-04 21:46:12
516,Buraydah,26.326,43.975,64.4,45,0,20.71,SA,2021-03-04 21:48:05
517,Kedrovyy,56.1667,91.8167,23.0,58,0,8.95,RU,2021-03-04 21:54:21
518,Mirnyy,62.5353,113.9611,-29.81,83,0,5.93,RU,2021-03-04 21:54:21
519,Boksitogorsk,59.474,33.8485,21.0,90,100,5.86,RU,2021-03-04 21:54:22
520,Cabra,37.4725,-4.4421,52.0,74,100,5.1,ES,2021-03-04 21:54:22
521,Mahuva,21.0914,71.7622,76.77,32,0,10.42,IN,2021-03-04 21:54:22
522,Basco,20.4487,121.9702,76.1,80,100,17.76,PH,2021-03-04 21:46:56
523,Djambala,-2.5447,14.7533,73.13,81,99,7.4,CG,2021-03-04 21:54:23
524,Bichura,50.5881,107.6022,-3.08,90,2,2.62,RU,2021-03-04 21:54:24
525,Jijiga,9.35,42.8,56.17,63,0,6.69,ET,2021-03-04 21:47:37
526,Horadiz,39.4488,47.3353,41.0,87,90,5.39,AZ,2021-03-04 21:54:24
527,Beyneu,45.3167,55.2,32.09,91,0,8.55,KZ,2021-03-04 21:54:25
528,Celestun,20.8667,-90.4,77.43,73,19,13.96,MX,2021-03-04 21:54:25
529,Poya,-21.35,165.15,79.48,72,95,6.49,NC,2021-03-04 21:54:26
530,Igunga,-4.2833,33.8833,66.7,80,100,3.4,TZ,2021-03-04 21:54:26
531,Bakhmach,51.1808,32.7569,33.13,97,99,9.08,UA,2021-03-04 21:54:26
532,Koszalin,54.1944,16.1722,30.99,82,26,6.82,PL,2021-03-04 21:54:27
533,Chunoyar,57.4467,97.3217,9.05,96,100,4.99,RU,2021-03-04 21:54:27
534,Ibra,22.6906,58.5334,68.22,38,0,1.5,OM,2021-03-04 21:54:27
535,Camopi,3.1655,-52.3158,73.45,97,100,3.24,GF,2021-03-04 21:54:28
536,San Cristobal,7.7669,-72.225,84.2,58,40,10.36,VE,2021-03-04 21:45:48
537,Marawi,7.9986,124.2928,71.01,89,2,5.99,PH,2021-03-04 21:46:55
538,Severodvinsk,64.5635,39.8302,-4.0,84,0,5.7,RU,2021-03-04 21:47:39
539,Saint-Louis,16.3333,-15.0,86.0,23,0,2.3,SN,2021-03-04 21:54:29
540,Ongandjera,-17.8833,15.0667,75.96,37,1,7.49,NA,2021-03-04 21:54:30
541,Durban,-29.8579,31.0292,75.99,83,40,4.61,ZA,2021-03-04 21:54:30
542,Erenhot,43.6475,111.9767,13.59,87,47,14.38,CN,2021-03-04 21:49:32
543,Valdivia,-39.8142,-73.2459,87.8,33,31,9.22,CL,2021-03-04 21:51:58
544,Komsomolskiy,40.4272,71.7189,46.4,76,90,4.61,UZ,2021-03-04 21:54:31
545,Pokrovsk,48.282,37.1758,36.27,88,63,18.9,UA,2021-03-04 21:50:19
546,Neuquen,-38.9516,-68.0591,77.0,53,40,9.22,AR,2021-03-04 21:47:51
547,Chisindia,46.2833,22.1,39.2,81,3,4.61,RO,2021-03-04 21:54:32
548,Mola Di Bari,41.0609,17.0873,50.0,83,10,1.01,IT,2021-03-04 21:54:32
549,Tatarsk,55.219,75.9828,25.99,98,100,18.16,RU,2021-03-04 21:54:32
550,Yaan,7.3833,8.5667,81.39,16,0,0.6,NG,2021-03-04 21:54:33
551,Ratnagiri,16.9833,73.3,74.97,59,7,3.76,IN,2021-03-04 21:54:33
552,Misratah,32.3754,15.0925,59.2,72,87,21.16,LY,2021-03-04 21:54:34
553,Honiara,-9.4333,159.95,76.82,82,100,3.53,SB,2021-03-04 21:54:34
554,Mezen,65.8522,44.24,1.06,95,89,6.6,RU,2021-03-04 21:54:34
555,Mbuji-Mayi,-6.15,23.6,73.35,77,85,2.04,CD,2021-03-04 21:54:35
556,Valparaiso,-33.0393,-71.6273,63.0,100,20,5.75,CL,2021-03-04 21:54:35
557,Urumita,10.5589,-73.0123,87.8,43,32,8.55,CO,2021-03-04 21:54:35
558,Sambava,-14.2667,50.1667,76.06,94,72,6.38,MG,2021-03-04 21:49:18
559,Atasu,48.6814,71.6433,21.2,92,96,15.41,KZ,2021-03-04 21:54:36
560,Nelson Bay,-32.7167,152.15,70.0,56,20,11.5,AU,2021-03-04 21:54:36
561,Mercedes,-34.6515,-59.4307,84.0,55,61,1.99,AR,2021-03-04 21:54:36
562,Gornyy,55.1153,83.9059,24.01,66,100,8.01,RU,2021-03-04 21:54:37
563,Edson,53.5835,-116.4356,39.2,52,1,3.44,CA,2021-03-04 21:51:00
564,Kapuskasing,49.4169,-82.4331,12.2,56,58,11.5,CA,2021-03-04 21:54:38
565,Aksay,47.26,39.87,39.2,81,0,26.84,RU,2021-03-04 21:54:38
566,Kunming,25.0389,102.7183,51.8,50,0,8.95,CN,2021-03-04 21:54:39
567,Parral,26.9333,-105.6667,79.27,17,100,21.34,MX,2021-03-04 21:54:39
568,Manokwari,-0.8667,134.0833,79.25,71,99,5.95,ID,2021-03-04 21:54:39
569,Madre De Deus,-12.7408,-38.6208,80.6,65,40,8.05,BR,2021-03-04 21:54:39
570,Paamiut,61.994,-49.6678,41.88,63,99,12.71,GL,2021-03-04 21:47:30
571,Palana,59.1167,159.9667,-12.26,93,100,20.0,RU,2021-03-04 21:54:40
572,Robertsport,6.7533,-11.3686,80.11,87,42,10.29,LR,2021-03-04 21:54:41
573,Kuching,1.55,110.3333,73.4,94,20,2.3,MY,2021-03-04 21:54:41
574,Libreville,0.3925,9.4537,80.6,89,40,2.3,GA,2021-03-04 21:54:41
575,Arteaga,18.4667,-102.4167,84.31,28,0,7.36,MX,2021-03-04 21:54:42
576,Halifax,44.6453,-63.5724,37.4,44,20,23.02,CA,2021-03-04 21:50:24
577,Imeni Poliny Osipenko,52.4201,136.4853,-4.31,90,100,14.29,RU,2021-03-04 21:48:16
578,Mahibadhoo,3.7833,72.9667,81.63,76,12,14.47,MV,2021-03-04 21:54:43
579,Mareeba,-17.0,145.4333,77.0,88,75,2.3,AU,2021-03-04 21:47:22
580,Lebyazhye,55.2689,66.4947,9.45,95,0,11.48,RU,2021-03-04 21:54:43
581,Shieli,44.1667,66.75,29.64,96,0,5.88,KZ,2021-03-04 21:54:44
582,Katobu,-4.9408,122.5276,74.88,91,74,1.66,ID,2021-03-04 21:48:50
583,Constantine,36.365,6.6147,50.0,87,75,9.22,DZ,2021-03-04 21:52:26
584,Victoria Point,-27.5833,153.3,72.0,82,0,1.99,AU,2021-03-04 21:54:45
585,Riyadh,24.6877,46.7219,77.0,23,0,6.91,SA,2021-03-04 21:48:08
586,Stanceni,46.9833,25.2333,36.0,59,99,3.65,RO,2021-03-04 21:54:45
587,Taywarah,33.35,64.4167,31.91,37,0,1.63,AF,2021-03-04 21:54:45
588,Akdepe,42.0551,59.3788,30.2,80,0,4.61,TM,2021-03-04 21:54:46
589,Sembe,1.6481,14.5806,78.28,62,52,3.89,CG,2021-03-04 21:54:46
590,Matamoros,25.5333,-103.25,88.0,10,75,5.28,MX,2021-03-04 21:46:07
591,Omaruru,-21.4333,15.9333,71.44,40,3,4.7,NA,2021-03-04 21:54:47
592,Kerema,-7.9631,145.7785,78.37,78,100,1.95,PG,2021-03-04 21:54:47
593,Sinazongwe,-17.2614,27.4618,74.14,67,84,1.99,ZM,2021-03-04 21:54:47
594,Shimanovsk,52.0,127.7,-16.11,74,0,14.34,RU,2021-03-04 21:54:47
595,Tiznit,29.5833,-9.5,55.08,75,57,4.59,MA,2021-03-04 21:47:53
596,Zhigansk,66.7697,123.3711,-37.53,82,3,0.54,RU,2021-03-04 21:47:01
597,Tirupati,13.65,79.4167,65.62,81,0,4.32,IN,2021-03-04 21:54:48
598,El Dorado,38.7666,-120.5177,59.0,32,2,1.99,US,2021-03-04 21:54:48
599,Kamsack,51.5667,-101.9009,30.2,100,90,6.91,CA,2021-03-04 21:54:49
600,Usta Muhammad,28.1794,68.0445,66.27,26,0,0.81,PK,2021-03-04 21:54:49
601,Panshi,42.9422,126.0561,24.19,96,99,17.11,CN,2021-03-04 21:54:49
602,Madimba,-10.4,40.3333,80.64,83,100,13.51,TZ,2021-03-04 21:54:50
603,Tamiahua,21.2667,-97.45,74.37,76,6,8.32,MX,2021-03-04 21:54:50
604,Igrim,63.1906,64.4162,12.94,97,99,1.68,RU,2021-03-04 21:54:50
605,Khasan,42.4308,130.6434,34.11,88,1,2.86,RU,2021-03-04 21:54:51
606,Brandfort,-28.7001,26.4597,73.4,35,30,8.05,ZA,2021-03-04 21:54:51
607,Carrollton,32.9537,-96.8903,73.4,33,1,13.8,US,2021-03-04 21:54:51
608,Verkhnyaya Inta,65.9811,60.3094,0.93,94,100,3.91,RU,2021-03-04 21:49:41
609,Saryg-Sep,51.5,95.6,1.6,87,0,4.21,RU,2021-03-04 21:54:52
610,Anderson,34.5334,-82.6499,70.0,21,1,9.22,US,2021-03-04 21:54:52
611,Srisailam,16.0833,78.8667,66.78,38,0,1.97,IN,2021-03-04 21:54:52
612,Tessalit,20.1986,1.0114,72.95,18,98,6.49,ML,2021-03-04 21:48:02
613,Tilichiki,60.4667,166.1,-16.44,85,99,15.75,RU,2021-03-04 21:54:53
614,Amapa,1.0,-52.0,74.98,94,72,3.22,BR,2021-03-04 21:54:53
615,Prince Rupert,54.3161,-130.3201,46.4,87,75,4.61,CA,2021-03-04 21:54:53
616,Batemans Bay,-35.7167,150.1833,64.0,53,1,8.99,AU,2021-03-04 21:54:54
617,Narayanavanam,13.4167,79.5833,66.27,82,0,4.29,IN,2021-03-04 21:54:54
618,Bellevue,47.6104,-122.2007,55.4,62,90,8.05,US,2021-03-04 21:54:43
619,Vostok,46.4856,135.8833,26.62,99,89,7.18,RU,2021-03-04 21:48:31
620,Ladario,-19.0047,-57.6017,77.0,94,90,8.05,BR,2021-03-04 21:54:55
621,Kendari,-3.945,122.4989,74.52,92,100,1.34,ID,2021-03-04 21:45:59
622,San Mateo Del Mar,16.2,-95.0,84.34,62,0,24.2,MX,2021-03-04 21:54:55
623,Bogorodskoye,56.55,37.8833,18.95,98,85,4.43,RU,2021-03-04 21:49:33
624,Pilar,-9.5972,-35.9567,78.8,83,40,6.91,BR,2021-03-04 21:54:56
625,Nouadhibou,20.931,-17.0347,64.4,72,100,20.71,MR,2021-03-04 21:49:03
626,Okato,-39.2,173.8833,62.01,82,66,4.0,NZ,2021-03-04 21:54:56
627,Turbat,26.0023,63.044,68.54,42,0,1.3,PK,2021-03-04 21:54:57
628,Singaparna,-7.3515,108.111,71.76,81,96,1.95,ID,2021-03-04 21:54:57
629,Cedar City,37.6775,-113.0619,54.0,30,1,6.91,US,2021-03-04 21:54:13
630,Osakarovka,50.565,72.5692,23.32,97,100,19.28,KZ,2021-03-04 21:54:57
631,Praia,14.9215,-23.5087,69.8,78,20,23.02,CV,2021-03-04 21:54:58
632,Homer,59.6425,-151.5483,25.0,58,1,11.5,US,2021-03-04 21:54:58
633,Osypenko,46.9136,36.8253,35.01,100,36,18.99,UA,2021-03-04 21:54:59
634,Santa Ana,33.7456,-117.8678,68.0,55,20,8.05,US,2021-03-04 21:50:37
635,Rapar,23.5667,70.6333,75.18,58,0,11.39,IN,2021-03-04 21:51:23
636,Vallenar,-28.5708,-70.7581,79.39,45,0,7.65,CL,2021-03-04 21:54:59
637,Oum Hadjer,13.2954,19.6966,76.48,18,37,14.29,TD,2021-03-04 21:55:00
638,Cedral,23.8,-100.7333,84.04,15,55,4.05,MX,2021-03-04 21:55:00
639,Ghanzi,-21.5667,21.7833,67.8,56,1,1.81,BW,2021-03-04 21:48:49
640,Taltal,-25.4,-70.4833,70.12,76,22,4.76,CL,2021-03-04 21:55:01
641,Vredendal,-31.6683,18.5012,63.52,71,0,6.53,ZA,2021-03-04 21:55:01
642,Khabary,53.6259,79.5345,18.0,91,100,17.49,RU,2021-03-04 21:55:01
643,Baykit,61.67,96.37,-2.47,88,100,2.98,RU,2021-03-04 21:48:40
644,Antofagasta,-23.65,-70.4,71.6,68,20,16.11,CL,2021-03-04 21:41:50
645,Sangueya,10.7,-14.3667,71.8,81,22,2.93,GN,2021-03-04 21:55:02
646,Morgan City,29.6994,-91.2068,71.01,43,1,4.7,US,2021-03-04 21:55:02
647,Thio,-21.6167,166.2167,80.6,69,0,2.3,NC,2021-03-04 21:55:02
648,Harper,4.375,-7.7169,79.32,87,58,7.23,LR,2021-03-04 21:46:01
649,Khislavichi,54.1871,32.1582,22.71,97,87,7.31,RU,2021-03-04 21:55:03
650,Show Low,34.2542,-110.0298,46.4,61,40,16.11,US,2021-03-04 21:55:03
651,Banfora,10.6333,-4.7667,90.03,17,86,3.85,BF,2021-03-04 21:55:04
652,Diebougou,10.9667,-3.25,84.92,13,2,4.27,BF,2021-03-04 21:55:04
653,Westport,41.1415,-73.3579,39.2,35,1,23.02,US,2021-03-04 21:41:58
654,Sabang,5.8933,95.3214,81.7,78,49,7.81,ID,2021-03-04 21:55:05
655,Owando,-0.4819,15.8999,78.67,71,36,3.44,CG,2021-03-04 21:55:05
656,Yertsevo,60.7966,40.086,12.7,95,95,6.73,RU,2021-03-04 21:55:05
657,Black River,18.0264,-77.8487,82.4,69,20,9.22,JM,2021-03-04 21:55:05
658,Savalou,7.9281,1.9756,84.92,64,46,10.13,BJ,2021-03-04 21:55:05
659,Tampin,2.4701,102.2302,78.8,89,20,5.75,MY,2021-03-04 21:55:06
660,Paraiso,9.8383,-83.8656,75.2,53,40,17.27,CR,2021-03-04 21:55:06
661,Galveston,29.3669,-94.9669,64.99,63,1,9.22,US,2021-03-04 21:55:06
662,Jega,12.2175,4.3792,84.29,14,0,11.97,NG,2021-03-04 21:55:06
663,Killam,52.7834,-111.8518,39.2,70,50,8.05,CA,2021-03-04 21:55:07
664,Rossland,49.0831,-117.8022,50.0,50,99,8.05,CA,2021-03-04 21:55:07
665,Pitimbu,-7.4706,-34.8086,78.8,94,40,10.36,BR,2021-03-04 21:55:07
666,Sirjan,29.452,55.6814,57.15,52,6,8.08,IR,2021-03-04 21:55:07
667,Saint-Francois,46.4154,3.9054,45.0,100,2,1.14,FR,2021-03-04 21:51:21
668,Pivijay,10.4617,-74.6162,91.0,65,0,12.66,CO,2021-03-04 21:55:08
669,Charagua,-19.8,-63.2167,77.0,73,75,6.46,BO,2021-03-04 21:55:08
670,Sarkand,45.41,79.9186,32.59,58,71,7.7,KZ,2021-03-04 21:48:41
671,Shannon,52.7039,-8.8642,39.2,87,75,3.44,IE,2021-03-04 21:55:09
672,Xingyi,24.1877,102.817,48.63,55,0,5.41,CN,2021-03-04 21:55:09
673,Nantucket,41.2835,-70.0995,37.0,76,29,25.03,US,2021-03-04 21:49:34
674,Punta Cardon,11.6581,-70.215,79.45,72,0,25.46,VE,2021-03-04 21:55:10
675,Fayetteville,35.0527,-78.8784,69.8,18,1,13.8,US,2021-03-04 21:52:59
676,Dolores,-36.3132,-57.6792,77.81,63,21,13.22,AR,2021-03-04 21:55:10
677,Bathurst,-33.4166,149.5806,59.0,59,0,4.29,AU,2021-03-04 21:55:10
678,Almaznyy,48.0448,40.045,39.2,81,0,26.84,RU,2021-03-04 21:55:11
679,Banjar,-8.19,114.9675,77.0,88,75,16.11,ID,2021-03-04 21:51:42
680,Barras,-4.2444,-42.2944,76.26,89,100,2.26,BR,2021-03-04 21:55:11
681,Opuwo,-18.0607,13.84,70.11,46,4,5.01,NA,2021-03-04 21:55:12
682,Zambezi,-13.5432,23.1047,65.26,95,89,3.15,ZM,2021-03-04 21:55:12
683,Alawalpur,31.4328,75.6508,60.03,32,0,3.13,IN,2021-03-04 21:55:12
684,Jatai,-17.8814,-51.7144,71.64,90,96,4.97,BR,2021-03-04 21:55:12
685,Poum,-20.2333,164.0167,80.51,76,95,7.67,NC,2021-03-04 21:55:13
686,Aswan,24.0934,32.907,54.95,40,0,9.4,EG,2021-03-04 21:46:25
687,Hanzhong,33.0728,107.0303,51.84,58,99,1.14,CN,2021-03-04 21:55:14
688,Patitirion,39.15,23.8667,55.99,33,0,1.99,GR,2021-03-04 21:55:14
689,Anchorage,61.2181,-149.9003,19.99,79,20,3.29,US,2021-03-04 21:55:14
690,Vanino,49.0869,140.2543,18.05,97,92,4.34,RU,2021-03-04 21:55:14
691,Wamba,8.9333,8.6,80.6,16,17,5.44,NG,2021-03-04 21:55:15
692,Lata,40.1629,-8.3327,57.0,74,100,3.0,PT,2021-03-04 21:48:11
